"","station","recipe","ingredient","listed_quantity","weight_oz","matched_ingredient","matched_ingredient_source","mean_kg_co2e_per_kg","mean_l_h2o_blue_per_kg","mean_l_h2o_green_per_kg","weight_kg","kg_co2e","l_h2o_blue","l_h2o_green","l_h2o_total"
"1","Grill","[CYO Grill Component] Burger","80/20 Beef Patty","5.33 Oz",5.33,"Beef","Animal-Sourced",25.19412968,528.4900653,1943.670156,0.15110295759,3.806907508554,79.8564119237622,293.694309151017,373.550721074779
"2","Grill","[CYO Grill Component] Burger","Ithaca Bakery Large Roll [Butter Grilled Roll]","1 Roll",1.764,"Wheat Bread","Plant-Sourced",0.614982159,166.2343333,2030.208394,0.050008558572,0.0307543713190865,8.31313939351042,101.527795384715,109.840934778225
"3","Grill","[CYO Grill Component] Burger","Salted Butter [Butter Grilled Roll]","5/8 Teaspoon",0.104,"Butter","Animal-Sourced",14.7710716,240.7479895,1018.921494,0.002948350392,0.0435502947421201,0.709809429215537,3.00413758625213,3.71394701546766
"4","Grill","[CYO Grill Component] Chicken Sandwich","5 Oz Bnls Skinles Chicken Breast","1 5 Oz Breast",5,"Chicken","Animal-Sourced",1.603195084,426.4459761,2698.938861,0.141747615,0.227249079536725,60.447700038522,382.568146577566,443.015846616088
"5","Grill","[CYO Grill Component] Chicken Sandwich","Ithaca Bakery Large Roll [Butter Grilled Roll]","1 Roll",1.764,"Wheat Bread","Plant-Sourced",0.614982159,166.2343333,2030.208394,0.050008558572,0.0307543713190865,8.31313939351042,101.527795384715,109.840934778225
"6","Grill","[CYO Grill Component] Chicken Sandwich","Salted Butter [Butter Grilled Roll]","5/8 Teaspoon",0.104,"Butter","Animal-Sourced",14.7710716,240.7479895,1018.921494,0.002948350392,0.0435502947421201,0.709809429215537,3.00413758625213,3.71394701546766
"7","Grill","[CYO Grill Component] Salmon Burger","Salmon Burger Patty","3.2 Oz",3.2,"Salmon","Animal-Sourced",4.118471057,393.241552,3068.815361,0.0907184736,0.373621407856819,35.674273353535,278.398245310153,314.072518663688
"8","Grill","[CYO Grill Component] Salmon Burger","Ithaca Bakery Large Roll [Butter Grilled Roll]","1 Roll",1.764,"Wheat Bread","Plant-Sourced",0.614982159,166.2343333,2030.208394,0.050008558572,0.0307543713190865,8.31313939351042,101.527795384715,109.840934778225
"9","Grill","[CYO Grill Component] Salmon Burger","Salted Butter [Butter Grilled Roll]","5/8 Teaspoon",0.104,"Butter","Animal-Sourced",14.7710716,240.7479895,1018.921494,0.002948350392,0.0435502947421201,0.709809429215537,3.00413758625213,3.71394701546766
"10","Grill","[CYO Grill Component] Impossible Burger","""Impossible Burger"" Patty [Patty ""Impossible Burger"" Trillium]","4 Oz",4,"Impossible Burger","Plant-Sourced",1.336365032,114.7995122,959.66826,0.113398092,0.151541244844319,13.0180456460107,108.82454963696,121.842595282971
"11","Grill","[CYO Grill Component] Impossible Burger","Ithaca Bakery Large Roll","1 Roll",1.764,"Wheat Bread","Plant-Sourced",0.614982159,166.2343333,2030.208394,0.050008558572,0.0307543713190865,8.31313939351042,101.527795384715,109.840934778225
"12","Grill","[CYO Grill Component] Impossible Burger","Daiya Vegan Sliced Cheddar","1 Slice",0.776,"Daiya Cheddar Slices","Plant-Sourced",1.300748805,87.38526266,362.9149706,0.021999229848,0.0286154719357063,1.92240847858519,7.98384985350956,9.90625833209476
"13","Grill","[CYO Grill Component] Toppings, Sauteed Onions","Whole Peeled Onion [Sauteed Onions, Assorted Burger Toppings]","2 Oz",2,"Onion","Produce",0.163327378,3.445388421,93.26026124,0.056699046,0.00926050651828139,0.195350236570146,5.28776784201878,5.48311807858892
"14","Grill","[CYO Grill Component] Toppings, Sauteed Onions","Canola Oil [Sauteed Onions, Assorted Burger Toppings]","1/8 Teaspoon",0.02,"Sunflower Oil (CAN)","Plant-Sourced",0.362596899,577.3210769,1834.98366,0.00056699046,0.000205588982558584,0.327335542959226,1.04041822947588,1.36775377243511
"15","Grill","[CYO Grill Component] Toppings, Sauteed Mushrooms","Canola Oil [Sauteed Mushrooms, Assorted Burger Toppings]","1/8 Teaspoon",0.02,"Sunflower Oil (CAN)","Plant-Sourced",0.362596899,577.3210769,1834.98366,0.00056699046,0.000205588982558584,0.327335542959226,1.04041822947588,1.36775377243511
"16","Grill","[CYO Grill Component] Toppings, Sauteed Mushrooms","Sliced Mushroom [Sauteed Mushrooms, Assorted Burger Toppings]","1.5 Oz",1.5,"Mushroom","Produce",0.168337212,77.51336953,14.8751836,0.0425242845,0.00715841949502481,3.29620057844735,0.632556539396134,3.92875711784349
"17","Grill","[CYO Grill Component] Toppings, Lettuce","Green Leaf Lettuce [Assorted Burger Toppings]","0.5 Fillet",1.27,"Lettuce","Produce",0.187016852,100.3410568,15.20559415,0.03600389421,0.00673333495489523,3.6126687939468,0.547460603176795,4.1601293971236
"18","Grill","[CYO Grill Component] Toppings, Tomato","Sliced Tomato [Assorted Burger Toppings] ","1 Slice",0.705,"Tomato","Produce",0.148809555,74.00099634,12.46777286,0.019986413715,0.00297416933097505,1.47901452817344,0.249186066484609,1.72820059465805
"19","Grill","[CYO Grill Component] Toppings, Red Onion","Sliced Red Onion [Assorted Burger Toppings]","0.5 Rings",0.332,"Onion","Produce",0.163327378,3.445388421,93.26026124,0.009412041636,0.00153724408203471,0.0324281392706443,0.877769461775117,0.910197601045761
"20","Grill","[CYO Grill Component] Toppings, American Cheese","Sliced White American Cheese [Assorted Burger Toppings]","1 Slice",1,"Cheddar","Animal-Sourced",9.182657693,147.8337876,564.0952481,0.028349523,0.26032396546883,4.19101736174331,15.9918312102017,20.182848571945
"21","Grill","[CYO Grill Component] Toppings, Cheddar Cheese","Sliced White Cheddar Cheese [Assorted Burger Toppings]","1 Slice",1,"Cheddar","Animal-Sourced",9.182657693,147.8337876,564.0952481,0.028349523,0.26032396546883,4.19101736174331,15.9918312102017,20.182848571945
"22","Grill","[CYO Grill Component] Toppings, Pepper Jack Cheese","Sliced Pepper Jack Cheese [Assorted Burger Toppings]","1 Slice",1,"Cheddar","Animal-Sourced",9.182657693,147.8337876,564.0952481,0.028349523,0.26032396546883,4.19101736174331,15.9918312102017,20.182848571945
"23","Grill","[CYO Grill Component] Toppings, Provolone Cheese","Sliced Provolone Cheese [Assorted Burger Toppings]","1 Slice",1,"Cheddar","Animal-Sourced",9.182657693,147.8337876,564.0952481,0.028349523,0.26032396546883,4.19101736174331,15.9918312102017,20.182848571945
"24","Grill","[CYO Grill Component] Toppings, Blue Cheese","Crumbled Blue Cheese [Assorted Burger Toppings]","3/4 Teaspoon",0.138,"Mozzarella","Animal-Sourced",8.117230313,129.45,489.0341868,0.003912234174,0.0317565058287473,0.5064387138243,1.91321625785326,2.41965497167756
"25","Grill","[CYO Grill Component] Toppings, Vegan Cheese","Daiya Vegan Sliced Cheddar [Assorted Burger Toppings] ","1 Slice",0.776,"Daiya Cheddar Slices","Plant-Sourced",1.300748805,87.38526266,362.9149706,0.021999229848,0.0286154719357063,1.92240847858519,7.98384985350956,9.90625833209476
"26","Grill","[CYO Grill Component] Chicken Tenders","Breaded Chicken Tender","8 Oz",8,"Chicken","Animal-Sourced",1.603195084,426.4459761,2698.938861,0.226796184,0.363598527258759,96.7163200616352,612.109034524107,708.825354585742
"27","Grill","[CYO Grill Component] Chicken Tenders","Canola Oil","1 1/4 Oz",1.25,"Sunflower Oil (CAN)","Plant-Sourced",0.362596899,577.3210769,1834.98366,0.03543690375,0.0128493114099115,20.4584714349516,65.0261393422427,85.4846107771944
"28","Grill","[CYO Grill Component] Fries","Seasoned Coated French Fries","4 Oz",4,"Potato Fries","Plant-Sourced",0.360150706,24.07424405,106.0381565,0.113398092,0.040840402892853,2.72997334161235,12.0245246262974,14.7544979679098
"29","Grill","[CYO Grill Component] Sweet Potato Fries","Sweet Potato Fries","4 Oz",4,"Sweet Potato Fries","Plant-Sourced",0.372626829,35.06430088,335.3619284,0.113398092,0.0422551714366103,3.97622481710592,38.0294028100006,42.0056276271065
"30","Grill","[CYO Grill Component] Black Bean Burger","Ithaca Bakery Large Roll [Butter Grilled Roll]","1 Roll",1.764,"Wheat Bread","Plant-Sourced",0.614982159,166.2343333,2030.208394,0.050008558572,0.0307543713190865,8.31313939351042,101.527795384715,109.840934778225
"31","Grill","[CYO Grill Component] Black Bean Burger","Salted Butter [Butter Grilled Roll]","5/8 Teaspoon",0.104,"Butter","Animal-Sourced",14.7710716,240.7479895,1018.921494,0.002948350392,0.0435502947421201,0.709809429215537,3.00413758625213,3.71394701546766
"32","Grill","[CYO Grill Component] Black Bean Burger","Gardein Black Bean Burger","1 Burger",4,"Beans","Plant-Sourced",0.167725361,342.2147321,1589.286208,0.113398092,0.0190197359174112,38.8064976744312,180.222023629115,219.028521303546
"33","Grill","[CYO Grill Component] Black Bean Burger","Vegalene Canola Pan Spray","1 Second Spray",0.03,"Sunflower Oil (CAN)","Plant-Sourced",0.362596899,577.3210769,1834.98366,0.00085048569,0.000308383473837875,0.49100331443884,1.56062734421383,2.05163065865267
"34","Grill","[CYO Grill Component] Black Bean Burger","Grean Leaf Lettuce","1 Leaf",1.27,"Lettuce","Produce",0.187016852,100.3410568,15.20559415,0.03600389421,0.00673333495489523,3.6126687939468,0.547460603176795,4.1601293971236
"35","Grill","[CYO Grill Component] Black Bean Burger","Sliced Tomato ","2 Slice",1.41,"Tomato","Produce",0.148809555,74.00099634,12.46777286,0.03997282743,0.00594833866195009,2.95802905634688,0.498372132969218,3.4564011893161
"36","Grill","[CYO Grill Component] Black Bean Burger","Sliced Red Onion","1 Oz",1,"Onion","Produce",0.163327378,3.445388421,93.26026124,0.028349523,0.00463025325914069,0.0976751182850732,2.64388392100939,2.74155903929446
"37","Grill","[CYO Grill Component] Bacon","Bacon Pork Raw","3 Slices",2.368,"Pork","Animal-Sourced",2.516219627,516.0109594,3235.765715,0.067131670464,0.168918026814813,34.6406776822533,217.222357678089,251.863035360343
"38","Ramen","[CYO Ramen Component] Chicken Bowl","Japanese Ramen Noodles [Ramen Noodles]","4 Oz",4,"Wheat Noodles","Plant-Sourced",0.903251118,187.3309544,2265.857582,0.113398092,0.102426953378067,21.242972801499,256.943926542534,278.186899344033
"39","Ramen","[CYO Ramen Component] Chicken Bowl","Fresh Peeled Garlic Gloves [Chicken Ramen Broth Trillium]","1 Tablespoon + 1 3/4 Teaspoon",0.529,"Onion","Produce",0.163327378,3.445388421,93.26026124,0.014996897667,0.00244940397408543,0.0516701375728037,1.39861459421397,1.45028473178677
"40","Ramen","[CYO Ramen Component] Chicken Bowl","Canola Oil [Chicken Ramen Broth Trillium]","1 Teaspoon",0.16,"Sunflower Oil (CAN)","Plant-Sourced",0.362596899,577.3210769,1834.98366,0.00453592368,0.00164471186046867,2.61868434367381,8.32334583580707,10.9420301794809
"41","Ramen","[CYO Ramen Component] Chicken Bowl","Chicken Thigh Meat Diced Fresh [Marinated Teriyaki Chicken for Ramen]","3 1/2 Oz",3.5,"Chicken","Animal-Sourced",1.603195084,426.4459761,2698.938861,0.0992233305,0.159074355675707,42.3133900269654,267.797702604297,310.111092631262
"42","Ramen","[CYO Ramen Component] Ginger Tare","Fresh Peeled Garlic Cloves [Spice Blend Tare Vegetarian]","1/4 Teaspoon",0.044,"Onion","Produce",0.163327378,3.445388421,93.26026124,0.001247379012,0.000203731143402191,0.00429770520454322,0.116330892524413,0.120628597728956
"43","Ramen","[CYO Ramen Component] Ginger Tare","Whole Peeled Onion [Spice Blend Tare Vegetarian]","1 Teaspoon",0.118,"Onion","Produce",0.163327378,3.445388421,93.26026124,0.003345243714,0.000546369884578602,0.0115256639576386,0.311978302679108,0.323503966636747
"44","Ramen","[CYO Ramen Component] Ginger Tare","Green Onion [Spice Blend Tare Vegetarian]","7/8 Teaspoon",0.064,"Onion","Produce",0.163327378,3.445388421,93.26026124,0.001814369472,0.000296336208585004,0.00625120757024468,0.169208570944601,0.175459778514846
"45","Ramen","[CYO Ramen Component] Chicken Bowl","Green Onion","1 Tablespoon",0.22,"Onion","Produce",0.163327378,3.445388421,93.26026124,0.00623689506,0.00101865571701095,0.0214885260227161,0.581654462622066,0.603142988644782
"46","Ramen","[CYO Ramen Component] Chicken Bowl","Frozen Kernel Corn","1 Tablespoon",0.364,"Sweet Corn","Produce",0.576710543,91.15218894,835.3303948,0.010319226372,0.00595120664433604,0.940620071975175,8.61996343935333,9.56058351132851
"47","Ramen","[CYO Ramen Component] Chicken Bowl","Napa Cabbage [Cabbage Sesame Salad]","2 Tablespoon + 2 1/2 Teaspoon",2.028,"Cabbage","Produce",0.185784608,57.55772559,88.0626301,0.057492832644,0.0106812833755751,3.30915668471515,5.06297005452978,8.37212673924492
"48","Ramen","[CYO Ramen Component] Chicken Bowl","Fresh Red Cabbage [Cabbage Sesame Salad]","1 1/2 Teaspoon",0.143,"Cabbage","Produce",0.185784608,57.55772559,88.0626301,0.004053981789,0.000753167417508504,0.233337971358119,0.357004298716843,0.590342270074963
"49","Ramen","[CYO Ramen Component] Chicken Bowl","Carrot Shredded [Cabbage Sesame Salad]","5/8 Teaspoon",0.02,"Carrot","Produce",0.19085407,72.86889966,16.45237347,0.00056699046,0.000108212436942172,0.0413159709379172,0.0093283388018471,0.0506443097397643
"50","Ramen","[CYO Ramen Component] Chicken Bowl","Sesame Oil [Dressing Asian Sesame Gf, Cabbage Sesame Salad]","1/2 Teaspoon",0.082,"Sesame Oil","Plant-Sourced",0.193986637,410.8363974,5852.308084,0.002324660886,0.00045095314744058,0.955055303580932,13.6046316956964,14.5596869992773
"51","Ramen","[CYO Ramen Component] Chicken Bowl","Canola Oil [Dressing Asian Sesame Gf, Cabbage Sesame Salad]","2 7/8 Teaspoon",0.461,"Sunflower Oil (CAN)","Plant-Sourced",0.362596899,577.3210769,1834.98366,0.013069130103,0.00473882604797535,7.54508426521017,23.9816401894191,31.5267244546293
"52","Ramen","[CYO Ramen Component] Chicken Bowl","Egg Whole Fresh Medium Flat [Egg Sous Vide]","1 Egg",1.764,"Eggs","Animal-Sourced",1.807454323,506.6106075,3446.675361,0.050008558572,0.0903881853779601,25.3348662383603,172.363266669238,197.698132907598
"53","Ramen","[CYO Ramen Component] Tofu Bowl","Ramen Noodle [Tokyo Ramen Noodle]","5 Oz",5,"Wheat Noodles","Plant-Sourced",0.903251118,187.3309544,2265.857582,0.141747615,0.128033691722584,26.5537160018738,321.179908178167,347.733624180041
"54","Ramen","[CYO Ramen Component] Tofu Bowl","Whole Peeled Onion [Vegetable Scraps For Stock, Gf Vegetable Soy Broth]","1 Oz",1,"Onion","Produce",0.163327378,3.445388421,93.26026124,0.028349523,0.00463025325914069,0.0976751182850732,2.64388392100939,2.74155903929446
"55","Ramen","[CYO Ramen Component] Tofu Bowl","Celery Stalk Whole Fresh [Vegetable Scraps For Stock, Gf Vegetable Soy Broth]","1 Oz",1,"Celery","Produce",0.176106256,78.46289178,15.06742742,0.028349523,0.00499252835491589,2.22438555516362,0.427154380194121,2.65153993535774
"56","Ramen","[CYO Ramen Component] Tofu Bowl","Sliced Mushroom [Vegetable Scraps For Stock, Gf Vegetable Soy Broth]","1 Oz",1,"Mushroom","Produce",0.168337212,77.51336953,14.8751836,0.028349523,0.00477227966334988,2.19746705229823,0.421704359597423,2.61917141189566
"57","Ramen","[CYO Ramen Component] Tofu Bowl","Zucchini Squash [Vegetable Scraps For Stock, Gf Vegetable Soy Broth]","1 Oz",1,"Squash","Produce",0.196778943,36.2682833,55.08741189,0.028349523,0.00557858917049419,1.02818853158387,1.56170185038603,2.58989038196989
"58","Ramen","[CYO Ramen Component] Tofu Bowl","Eggplant [Vegetable Scraps For Stock, Gf Vegetable Soy Broth]","1 Oz",1,"Eggplant","Produce",0.194127667,131.4643883,23.22035914,0.028349523,0.00550342676055284,3.72695269979178,0.65828610550769,4.38523880529947
"59","Ramen","[CYO Ramen Component] Tofu Bowl","Cauliflower [Vegetable Scraps For Stock, Gf Vegetable Soy Broth]","1 Oz",1,"Cauliflower","Produce",0.235412484,84.02323315,20.0860054,0.028349523,0.00667383162964513,2.38201858072029,0.569428672065424,2.95144725278571
"60","Ramen","[CYO Ramen Component] Tofu Bowl","Whole Fresh Tomato [Vegetable Scraps For Stock, Gf Vegetable Soy Broth]","1 Oz",1,"Tomato","Produce",0.148809555,74.00099634,12.46777286,0.028349523,0.00421867990209227,2.09789294776375,0.353455413453346,2.45134836121709
"61","Ramen","[CYO Ramen Component] Tofu Bowl","Fennel Bulb [Vegetable Scraps For Stock, Gf Vegetable Soy Broth]","1 Oz",1,"Fennel","Produce",0.174731081,101.9358491,17.99235539,0.028349523,0.00495354279962436,2.88983269858498,0.510074692952979,3.39990739153796
"62","Ramen","[CYO Ramen Component] Tofu Bowl","Broccoli Crown Whole Icelss [Vegetable Scraps For Stock, Gf Vegetable Soy Broth]","1 Oz",1,"Broccoli","Produce",0.275964635,83.61756232,17.02506835,0.028349523,0.00782346576711911,2.37051800619477,0.482652566764897,2.85317057295967
"63","Ramen","[CYO Ramen Component] Tofu Bowl","Fresh Peeled Garlic Cloves [Gf Vegetable Soy Broth]","5/8 Teaspoon",0.11,"Onion","Produce",0.163327378,3.445388421,93.26026124,0.00311844753,0.000509327858505476,0.0107442630113581,0.290827231311033,0.301571494322391
"64","Ramen","[CYO Ramen Component] Tofu Bowl","Tofu Silken","2 Oz",2,"Tofu","Plant-Sourced",0.259780613,141.5961357,1593.356469,0.056699046,0.0147293129263952,8.02836581147654,90.3417917302286,98.3701575417051
"65","Ramen","[CYO Ramen Component] Tofu Bowl","Green Onion","1 Tablespoon",0.22,"Onion","Produce",0.163327378,3.445388421,93.26026124,0.00623689506,0.00101865571701095,0.0214885260227161,0.581654462622066,0.603142988644782
"66","Ramen","[CYO Ramen Component] Tofu Bowl","Frozen Kernel Corn","1 Tablespoon",0.364,"Sweet Corn","Produce",0.576710543,91.15218894,835.3303948,0.010319226372,0.00595120664433604,0.940620071975175,8.61996343935333,9.56058351132851
"67","Ramen","[CYO Ramen Component] Tofu Bowl","Napa Cabbage [Cabbage Sesame Salad]","2 Tablespoon + 2 1/2 Teaspoon",2.028,"Cabbage","Produce",0.185784608,57.55772559,88.0626301,0.057492832644,0.0106812833755751,3.30915668471515,5.06297005452978,8.37212673924492
"68","Ramen","[CYO Ramen Component] Tofu Bowl","Fresh Red Cabbage [Cabbage Sesame Salad]","1 1/2 Teaspoon",0.143,"Cabbage","Produce",0.185784608,57.55772559,88.0626301,0.004053981789,0.000753167417508504,0.233337971358119,0.357004298716843,0.590342270074963
"69","Ramen","[CYO Ramen Component] Tofu Bowl","Carrot Shredded [Cabbage Sesame Salad]","5/8 Teaspoon",0.02,"Carrot","Produce",0.19085407,72.86889966,16.45237347,0.00056699046,0.000108212436942172,0.0413159709379172,0.0093283388018471,0.0506443097397643
"70","Ramen","[CYO Ramen Component] Tofu Bowl","Sesame Oil [Dressing Asian Sesame Gf, Cabbage Sesame Salad]","1/2 Teaspoon",0.082,"Sesame Oil","Plant-Sourced",0.193986637,410.8363974,5852.308084,0.002324660886,0.00045095314744058,0.955055303580932,13.6046316956964,14.5596869992773
"71","Ramen","[CYO Ramen Component] Tofu Bowl","Canola Oil [Dressing Asian Sesame Gf, Cabbage Sesame Salad]","2 7/8 Teaspoon",0.461,"Sunflower Oil (CAN)","Plant-Sourced",0.362596899,577.3210769,1834.98366,0.013069130103,0.00473882604797535,7.54508426521017,23.9816401894191,31.5267244546293
"72","Ramen","[CYO Ramen Component] Tofu Bowl","Egg Whole Fresh Medium Flat [Egg Sous Vide]","1 Egg",1.764,"Eggs","Animal-Sourced",1.807454323,506.6106075,3446.675361,0.050008558572,0.0903881853779601,25.3348662383603,172.363266669238,197.698132907598
"73","Pasta","[CYO Pasta Component] Alfredo Sauce","Salted Butter [Alfredo Sauce, Trillium Pasta Station Sauce Options]","1 Teaspoon",0.167,"Butter","Animal-Sourced",14.7710716,240.7479895,1018.921494,0.004734370341,0.0699317232878274,1.13979014114418,4.82395170100101,5.96374184214519
"74","Pasta","[CYO Pasta Component] Alfredo Sauce","Fresh Peeled Garlic Cloves [Alfredo Sauce, Trillium Pasta Station Sauce Options]","1/8 Teaspoon",0.022,"Onion","Produce",0.163327378,3.445388421,93.26026124,0.000623689506,0.000101865571701095,0.00214885260227161,0.0581654462622066,0.0603142988644782
"75","Pasta","[CYO Pasta Component] Alfredo Sauce","All Purpose Flour [Alfredo Sauce, Trillium Pasta Station Sauce Options]","1 3/4 Teaspoon",0.154,"Wheat Flour","Plant-Sourced",0.595671422,165.6314964,2030.208394,0.004365826542,0.00260059810447848,0.723118383174297,8.86353769231639,9.58665607549069
"76","Pasta","[CYO Pasta Component] Alfredo Sauce","Cornell 2% Milk [Alfredo Sauce, Trillium Pasta Station Sauce Options]","3 Tablespoon + 2 1/2 Teaspoon",2.062,"2% Milk","Animal-Sourced",1.689912177,28.27898765,113.7288807,0.058456716426,0.0987867169157333,1.65309676187041,6.64821692852628,8.30131369039669
"77","Pasta","[CYO Pasta Component] Alfredo Sauce","Heavy Cream [Alfredo Sauce, Trillium Pasta Station Sauce Options]","1 Tablespoon + 3/4 Teaspoon",0.656,"Cream (Heavy)","Animal-Sourced",6.235803782,101.8989758,427.9049135,0.018597287088,0.11596903315829,1.89504450692576,7.95787052272531,9.85291502965107
"78","Pasta","[CYO Pasta Component] Alfredo Sauce","Grated Parmesan Cheese [Alfredo Sauce, Trillium Pasta Station Sauce Options]","1 Tablespoon + 2 1/4 Teaspoon",0.386,"Parmesan","Animal-Sourced",10.44179914,169.5572789,652.803775,0.010942915878,0.114263729603993,1.85545103950528,7.14357679466584,8.99902783417112
"79","Pasta","[CYO Pasta Component] Alfredo Sauce","Fresh Flat Leaf Parsley [Alfredo Sauce, Trillium Pasta Station Sauce Options]","1/4 Teaspoon",0.011,"Spinach","Produce",0.214220658,81.19892838,13.58569839,0.000311844753,6.68035881815075e-05,0.0253214597645258,0.00423662875876205,0.0295580885232878
"80","Pasta","[CYO Pasta Component] Creamy Spinach Alfredo Sauce","Salted Butter [Alfredo Sauce, Creamy Spinach Alfredo Sauce, Trillium Pasta Station LTO Sauce Options]","1 Teaspoon",0.167,"Butter","Animal-Sourced",14.7710716,240.7479895,1018.921494,0.004734370341,0.0699317232878274,1.13979014114418,4.82395170100101,5.96374184214519
"81","Pasta","[CYO Pasta Component] Creamy Spinach Alfredo Sauce","Fresh Peeled Garlic Cloves [Alfredo Sauce, Creamy Spinach Alfredo Sauce, Trillium Pasta Station LTO Sauce Options]","1/8 Teaspoon",0.022,"Onion","Produce",0.163327378,3.445388421,93.26026124,0.000623689506,0.000101865571701095,0.00214885260227161,0.0581654462622066,0.0603142988644782
"82","Pasta","[CYO Pasta Component] Creamy Spinach Alfredo Sauce","All Purpose Flour [Alfredo Sauce, Creamy Spinach Alfredo Sauce, Trillium Pasta Station LTO Sauce Options]","1 3/4 Teaspoon",0.154,"Wheat Flour","Plant-Sourced",0.595671422,165.6314964,2030.208394,0.004365826542,0.00260059810447848,0.723118383174297,8.86353769231639,9.58665607549069
"83","Pasta","[CYO Pasta Component] Creamy Spinach Alfredo Sauce","Cornell 2% Milk [Alfredo Sauce, Creamy Spinach Alfredo Sauce, Trillium Pasta Station LTO Sauce Options]","3 Tablespoon + 2 1/2 Teaspoon",2.062,"2% Milk","Animal-Sourced",1.689912177,28.27898765,113.7288807,0.058456716426,0.0987867169157333,1.65309676187041,6.64821692852628,8.30131369039669
"84","Pasta","[CYO Pasta Component] Creamy Spinach Alfredo Sauce","Heavy Cream [Alfredo Sauce, Creamy Spinach Alfredo Sauce, Trillium Pasta Station LTO Sauce Options]","1 Tablespoon + 3/4 Teaspoon",0.656,"Cream (Heavy)","Animal-Sourced",6.235803782,101.8989758,427.9049135,0.018597287088,0.11596903315829,1.89504450692576,7.95787052272531,9.85291502965107
"85","Pasta","[CYO Pasta Component] Creamy Spinach Alfredo Sauce","Grated Parmesan Cheese [Alfredo Sauce, Creamy Spinach Alfredo Sauce, Trillium Pasta Station LTO Sauce Options]","1 Tablespoon + 2 1/4 Teaspoon",0.386,"Parmesan","Animal-Sourced",10.44179914,169.5572789,652.803775,0.010942915878,0.114263729603993,1.85545103950528,7.14357679466584,8.99902783417112
"86","Pasta","[CYO Pasta Component] Creamy Spinach Alfredo Sauce","Fresh Flat Leaf Parlsey [Alfredo Sauce, Creamy Spinach Alfredo Sauce, Trillium Pasta Station LTO Sauce Options]","1/4 Teaspoon",0.011,"Spinach","Produce",0.214220658,81.19892838,13.58569839,0.000311844753,6.68035881815075e-05,0.0253214597645258,0.00423662875876205,0.0295580885232878
"87","Pasta","[CYO Pasta Component] Creamy Spinach Alfredo Sauce","Spinach [Sauteed Spinach, Creamy Spinach Alfredo Sauce, Trillium Pasta Station LTO Sauce Options]","1 3/4 Teaspoon",0.039,"Spinach","Produce",0.214220658,81.19892838,13.58569839,0.001105631397,0.000236849085370799,0.0897760846196824,0.0150207746901564,0.104796859309839
"88","Pasta","[CYO Pasta Component] Marinara Pasta Sauce","Extra Virgin Olive Oil [Marinara Pasta Sauce, Trillium Pasta Station Sauce]","1/2 Teaspoon",0.079,"Olive Oil","Plant-Sourced",0.904918308,602.2386101,438.4202226,0.002239612317,0.0020266661884756,1.34878100895292,0.981891330556842,2.33067233950976
"89","Pasta","[CYO Pasta Component] Marinara Pasta Sauce","Fresh Peeled Garlic Cloves [Marinara Pasta Sauce, Trillium Pasta Station Sauce]","1/8 Teaspoon",0.022,"Onion","Produce",0.163327378,3.445388421,93.26026124,0.000623689506,0.000101865571701095,0.00214885260227161,0.0581654462622066,0.0603142988644782
"90","Pasta","[CYO Pasta Component] Marinara Pasta Sauce","Fresh Basil [Marinara Pasta Sauce, Trillium Pasta Station Sauce]","1/8 Teaspoon",0.002,"Spinach","Produce",0.214220658,81.19892838,13.58569839,5.6699046e-05,1.21461069420923e-05,0.00460390177536833,0.000770296137956736,0.00537419791332506
"91","Pasta","[CYO Pasta Component] Marinara Pasta Sauce","Piancone Canned Ground Tomatoes [Marinara Pasta Sauce, Trillium Pasta Station Sauce]","#10 Can",3.2,"Tomato","Produce",0.148809555,74.00099634,12.46777286,0.0907184736,0.0134997756866953,6.71325743284399,1.13105732305071,7.84431475589469
"92","Pasta","[CYO Pasta Component] Creamy Pesto Sauce","Salted Butter [Alfredo Sauce, Creamy Pesto Sauce, Trillium Pasta Station LTO Sauce Options]","1 Teaspoon",0.167,"Butter","Animal-Sourced",14.7710716,240.7479895,1018.921494,0.004734370341,0.0699317232878274,1.13979014114418,4.82395170100101,5.96374184214519
"93","Pasta","[CYO Pasta Component] Creamy Pesto Sauce","Fresh Peeled Garlic Cloves [Alfredo Sauce, Creamy Pesto Sauce, Trillium Pasta Station LTO Sauce Options]","1/8 Teaspoon",0.022,"Onion","Produce",0.163327378,3.445388421,93.26026124,0.000623689506,0.000101865571701095,0.00214885260227161,0.0581654462622066,0.0603142988644782
"94","Pasta","[CYO Pasta Component] Creamy Pesto Sauce","All Purpose Flour [Alfredo Sauce, Creamy Pesto Sauce, Trillium Pasta Station LTO Sauce Options]","1 3/4 Teaspoon",0.154,"Wheat Flour","Plant-Sourced",0.595671422,165.6314964,2030.208394,0.004365826542,0.00260059810447848,0.723118383174297,8.86353769231639,9.58665607549069
"95","Pasta","[CYO Pasta Component] Creamy Pesto Sauce","Cornell 2% Milk [Alfredo Sauce, Creamy Pesto Sauce, Trillium Pasta Station LTO Sauce Options]","3 Tablespoon + 2 1/2 Teaspoon",2.062,"2% Milk","Animal-Sourced",1.689912177,28.27898765,113.7288807,0.058456716426,0.0987867169157333,1.65309676187041,6.64821692852628,8.30131369039669
"96","Pasta","[CYO Pasta Component] Creamy Pesto Sauce","Heavy Cream [Alfredo Sauce, Creamy Pesto Sauce, Trillium Pasta Station LTO Sauce Options]","1 Tablespoon + 3/4 Teaspoon",0.656,"Cream (Heavy)","Animal-Sourced",6.235803782,101.8989758,427.9049135,0.018597287088,0.11596903315829,1.89504450692576,7.95787052272531,9.85291502965107
"97","Pasta","[CYO Pasta Component] Creamy Pesto Sauce","Grated Parmesan Cheese [Alfredo Sauce, Creamy Pesto Sauce, Trillium Pasta Station LTO Sauce Options]","1 Tablespoon + 2 1/4 Teaspoon",0.386,"Parmesan","Animal-Sourced",10.44179914,169.5572789,652.803775,0.010942915878,0.114263729603993,1.85545103950528,7.14357679466584,8.99902783417112
"98","Pasta","[CYO Pasta Component] Creamy Pesto Sauce","Fresh Flat Leaf Parsley [Alfredo Sauce, Creamy Pesto Sauce, Trillium Pasta Station LTO Sauce Options]","1/4 Teaspoon",0.011,"Spinach","Produce",0.214220658,81.19892838,13.58569839,0.000311844753,6.68035881815075e-05,0.0253214597645258,0.00423662875876205,0.0295580885232878
"99","Pasta","[CYO Pasta Component] Creamy Pesto Sauce","*Basil [Nut Free Basil Pesto Sauce, Creamy Pesto Sauce, Trillium Pasta Station LTO Sauce Options]","*2 1/2 Teaspoon",0.153,"Spinach","Produce",0.214220658,81.19892838,13.58569839,0.004337477019,0.000929177181070059,0.352198485815677,0.0589276545536903,0.411126140369367
"100","Pasta","[CYO Pasta Component] Creamy Pesto Sauce","*Parmesan [Nut Free Basil Pesto Sauce, Creamy Pesto Sauce, Trillium Pasta Station LTO Sauce Options]","*2 1/2 Teaspoon",0.153,"Parmesan","Animal-Sourced",10.44179914,169.5572789,652.803775,0.004337477019,0.045291063806764,0.735450800632924,2.83152137197895,3.56697217261187
"101","Pasta","[CYO Pasta Component] Creamy Pesto Sauce","*Olive Oil [Nut Free Basil Pesto Sauce, Creamy Pesto Sauce, Trillium Pasta Station LTO Sauce Options]","*2 1/2 Teaspoon",0.153,"Olive Oil","Plant-Sourced",0.904918308,602.2386101,438.4202226,0.004337477019,0.00392506236502236,2.61219613126325,1.90163764019236,4.51383377145562
"102","Pasta","[CYO Pasta Component] Creamy Sun Dried Tomato Pesto Sauce","Salted Butter [Alfredo Sauce, Creamy Sun Dried Tomato Pesto Sauce, Trillium Pasta Station LTO Sauce Options]","1 Teaspoon",0.167,"Butter","Animal-Sourced",14.7710716,240.7479895,1018.921494,0.004734370341,0.0699317232878274,1.13979014114418,4.82395170100101,5.96374184214519
"103","Pasta","[CYO Pasta Component] Creamy Sun Dried Tomato Pesto Sauce","Fresh Peeled Garlic Cloves [Alfredo Sauce, Creamy Sun Dried Tomato Pesto Sauce, Trillium Pasta Station LTO Sauce Options]","1/8 Teaspoon",0.022,"Onion","Produce",0.163327378,3.445388421,93.26026124,0.000623689506,0.000101865571701095,0.00214885260227161,0.0581654462622066,0.0603142988644782
"104","Pasta","[CYO Pasta Component] Creamy Sun Dried Tomato Pesto Sauce","All Purpose Flour [Alfredo Sauce, Creamy Sun Dried Tomato Pesto Sauce, Trillium Pasta Station LTO Sauce Options]","1 3/4 Teaspoon",0.154,"Wheat Flour","Plant-Sourced",0.595671422,165.6314964,2030.208394,0.004365826542,0.00260059810447848,0.723118383174297,8.86353769231639,9.58665607549069
"105","Pasta","[CYO Pasta Component] Creamy Sun Dried Tomato Pesto Sauce","Cornell 2% Milk [Alfredo Sauce, Creamy Sun Dried Tomato Pesto Sauce, Trillium Pasta Station LTO Sauce Options]","3 Tablespoon + 2 1/2 Teaspoon",2.062,"2% Milk","Animal-Sourced",1.689912177,28.27898765,113.7288807,0.058456716426,0.0987867169157333,1.65309676187041,6.64821692852628,8.30131369039669
"106","Pasta","[CYO Pasta Component] Creamy Sun Dried Tomato Pesto Sauce","Heavy Cream [Alfredo Sauce, Creamy Sun Dried Tomato Pesto Sauce, Trillium Pasta Station LTO Sauce Options]","1 Tablespoon + 3/4 Teaspoon",0.656,"Cream (Heavy)","Animal-Sourced",6.235803782,101.8989758,427.9049135,0.018597287088,0.11596903315829,1.89504450692576,7.95787052272531,9.85291502965107
"107","Pasta","[CYO Pasta Component] Creamy Sun Dried Tomato Pesto Sauce","Grated Parmesan Cheese [Alfredo Sauce, Creamy Sun Dried Tomato Pesto Sauce, Trillium Pasta Station LTO Sauce Options]","1 Tablespoon + 2 1/4 Teaspoon",0.386,"Parmesan","Animal-Sourced",10.44179914,169.5572789,652.803775,0.010942915878,0.114263729603993,1.85545103950528,7.14357679466584,8.99902783417112
"108","Pasta","[CYO Pasta Component] Creamy Sun Dried Tomato Pesto Sauce","Fresh Flat Leaf Parsley [Alfredo Sauce, Creamy Sun Dried Tomato Pesto Sauce, Trillium Pasta Station LTO Sauce Options]","1/4 Teaspoon",0.011,"Spinach","Produce",0.214220658,81.19892838,13.58569839,0.000311844753,6.68035881815075e-05,0.0253214597645258,0.00423662875876205,0.0295580885232878
"109","Pasta","[CYO Pasta Component] Creamy Sun Dried Tomato Pesto Sauce","Sun Dried Tomato [Sun Dried Tomato Pesto, Creamy Sun Dried Tomato Pesto Sauce, Trillium Pasta Station LTO Sauce Options]","*1 Tablespoon + 3/4 Teaspoon",0.227,"Tomato","Produce",0.148809555,74.00099634,12.46777286,0.006435341721,0.000957640337774944,0.47622169914237,0.0802343788539095,0.55645607799628
"110","Pasta","[CYO Pasta Component] Creamy Sun Dried Tomato Pesto Sauce","Parmesan [Sun Dried Tomato Pesto, Creamy Sun Dried Tomato Pesto Sauce, Trillium Pasta Station LTO Sauce Options]","*1 Tablespoon + 3/4 Teaspoon",0.227,"Parmesan","Animal-Sourced",10.44179914,169.5572789,652.803775,0.006435341721,0.0671965456479439,1.0911590310044,4.2010153688838,5.2921743998882
"111","Pasta","[CYO Pasta Component] Creamy Sun Dried Tomato Pesto Sauce","Olive Oil [Sun Dried Tomato Pesto, Creamy Sun Dried Tomato Pesto Sauce, Trillium Pasta Station LTO Sauce Options]","*1 Tablespoon + 3/4 Teaspoon",0.227,"Olive Oil","Plant-Sourced",0.904918308,602.2386101,438.4202226,0.006435341721,0.00582345854156913,3.87561125357358,2.82138394982789,6.69699520340147
"112","Pasta","[CYO Pasta Component] Creamy Red Pepper Alfredo Sauce","Salted Butter [Alfredo Sauce, Creamy Red Pepper Alfredo Sauce, Trillium Pasta Station LTO Sauce Options]","1 Teaspoon",0.167,"Butter","Animal-Sourced",14.7710716,240.7479895,1018.921494,0.004734370341,0.0699317232878274,1.13979014114418,4.82395170100101,5.96374184214519
"113","Pasta","[CYO Pasta Component] Creamy Red Pepper Alfredo Sauce","Fresh Peeled Garlic Cloves [Alfredo Sauce, Creamy Red Pepper Alfredo Sauce, Trillium Pasta Station LTO Sauce Options]","1/8 Teaspoon",0.022,"Onion","Produce",0.163327378,3.445388421,93.26026124,0.000623689506,0.000101865571701095,0.00214885260227161,0.0581654462622066,0.0603142988644782
"114","Pasta","[CYO Pasta Component] Creamy Red Pepper Alfredo Sauce","All Purpose Flour [Alfredo Sauce, Creamy Red Pepper Alfredo Sauce, Trillium Pasta Station LTO Sauce Options]","1 3/4 Teaspoon",0.154,"Wheat Flour","Plant-Sourced",0.595671422,165.6314964,2030.208394,0.004365826542,0.00260059810447848,0.723118383174297,8.86353769231639,9.58665607549069
"115","Pasta","[CYO Pasta Component] Creamy Red Pepper Alfredo Sauce","Cornell 2% Milk [Alfredo Sauce, Creamy Red Pepper Alfredo Sauce, Trillium Pasta Station LTO Sauce Options]","3 Tablespoon + 2 1/2 Teaspoon",2.062,"2% Milk","Animal-Sourced",1.689912177,28.27898765,113.7288807,0.058456716426,0.0987867169157333,1.65309676187041,6.64821692852628,8.30131369039669
"116","Pasta","[CYO Pasta Component] Creamy Red Pepper Alfredo Sauce","Heavy Cream [Alfredo Sauce, Creamy Red Pepper Alfredo Sauce, Trillium Pasta Station LTO Sauce Options]","1 Tablespoon + 3/4 Teaspoon",0.656,"Cream (Heavy)","Animal-Sourced",6.235803782,101.8989758,427.9049135,0.018597287088,0.11596903315829,1.89504450692576,7.95787052272531,9.85291502965107
"117","Pasta","[CYO Pasta Component] Creamy Red Pepper Alfredo Sauce","Grated Parmesan Cheese [Alfredo Sauce, Creamy Red Pepper Alfredo Sauce, Trillium Pasta Station LTO Sauce Options]","1 Tablespoon + 2 1/4 Teaspoon",0.386,"Parmesan","Animal-Sourced",10.44179914,169.5572789,652.803775,0.010942915878,0.114263729603993,1.85545103950528,7.14357679466584,8.99902783417112
"118","Pasta","[CYO Pasta Component] Creamy Red Pepper Alfredo Sauce","Fresh Flat Leaf Parsley [Alfredo Sauce, Creamy Red Pepper Alfredo Sauce, Trillium Pasta Station LTO Sauce Options]","1/4 Teaspoon",0.011,"Spinach","Produce",0.214220658,81.19892838,13.58569839,0.000311844753,6.68035881815075e-05,0.0253214597645258,0.00423662875876205,0.0295580885232878
"119","Pasta","[CYO Pasta Component] Creamy Red Pepper Alfredo Sauce","Roasted Red Peppers [Creamy Red Pepper Alfredo Sauce, Trillium Pasta Station LTO Sauce Options]","1 Tablespoon + 3/4 Teaspoon",0.3,"Bell Pepper","Produce",0.183681929,106.3878693,93.54604179,0.0085048569,0.00156218852126096,0.904813604292403,0.79559569898537,1.70040930327777
"120","Pasta","[CYO Pasta Component] Penne Pasta","Whole Grain Penne Pasta [Whole Grain Penne Pasta, Trillium Pasta Station Pasta Options]","2 Oz",2,"Wheat Noodles","Plant-Sourced",0.903251118,187.3309544,2265.857582,0.056699046,0.0512134766890334,10.6214864007495,128.471963271267,139.093449672016
"121","Pasta","[CYO Pasta Component] Penne Pasta","Canola Oil [Whole Grain Penne Pasta, Trillium Pasta Station Pasta Options]","1/4 Teaspoon",0.04,"Sunflower Oil (CAN)","Plant-Sourced",0.362596899,577.3210769,1834.98366,0.00113398092,0.000411177965117167,0.654671085918453,2.08083645895177,2.73550754487022
"122","Pasta","[CYO Pasta Component] Linguine Pasta","Linguine Pasta [Linguine Pasta, Trillium Pasta Station Pasta Options]","2 Oz",2,"Wheat Noodles","Plant-Sourced",0.903251118,187.3309544,2265.857582,0.056699046,0.0512134766890334,10.6214864007495,128.471963271267,139.093449672016
"123","Pasta","[CYO Pasta Component] Linguine Pasta","Canola Oil [Linguine Pasta, Trillium Pasta Station Pasta Options]","1/4 Teaspoon",0.04,"Sunflower Oil (CAN)","Plant-Sourced",0.362596899,577.3210769,1834.98366,0.00113398092,0.000411177965117167,0.654671085918453,2.08083645895177,2.73550754487022
"124","Pasta","[CYO Pasta Component] Sauteed Broccoli","Broccoli [Sauteed Broccoli, Trillium Pasta Station Veggies Options]","2 Tablespoon + 1/2 Teaspoon",0.42,"Broccoli","Produce",0.275964635,83.61756232,17.02506835,0.01190679966,0.00328585562219002,0.995617562601805,0.202714078041257,1.19833164064306
"125","Pasta","[CYO Pasta Component] Sauteed Broccoli","Canola Oil [Sauteed Broccoli, Trillium Pasta Station Veggies Options]","1/8 Teaspoon",0.02,"Sunflower Oil (CAN)","Plant-Sourced",0.362596899,577.3210769,1834.98366,0.00056699046,0.000205588982558584,0.327335542959226,1.04041822947588,1.36775377243511
"126","Pasta","[CYO Pasta Component] Roasted Cherry Tomatoes","Heirloom Cherry Tomato [Roasted Cherry Tomatoes, Trillium Pasta Station Veggies Options]","12/1 Pt",4.13,"Tomato","Produce",0.148809555,74.00099634,12.46777286,0.11708352999,0.0174231479956411,8.66429787426427,1.45977085756232,10.1240687318266
"127","Pasta","[CYO Pasta Component] Roasted Cherry Tomatoes","Cherry Tomato [Roasted Cherry Tomatoes, Trillium Pasta Station Veggies Options]","12/1 Pt",2.07,"Tomato","Produce",0.148809555,74.00099634,12.46777286,0.05868351261,0.00873266739733099,4.34263840187095,0.731652705848426,5.07429110771938
"128","Pasta","[CYO Pasta Component] Roasted Cherry Tomatoes","Pomace Olive Oil [Roasted Cherry Tomatoes, Trillium Pasta Station Veggies Options]","1/2 Teaspoon",0.08,"Olive Oil","Plant-Sourced",0.904918308,602.2386101,438.4202226,0.00226796184,0.00205232019086137,1.36585418628144,0.994320334741106,2.36017452102254
"129","Pasta","[CYO Pasta Component] Sauteed Mushrooms","Sliced Mushroom [Sauteed Mushrooms, Trillium Pasta Station Veggies Options]","1 1/2 Oz",1.5,"Mushroom","Produce",0.168337212,77.51336953,14.8751836,0.0425242845,0.00715841949502481,3.29620057844735,0.632556539396134,3.92875711784349
"130","Pasta","[CYO Pasta Component] Sauteed Mushrooms","Canola Oil [Sauteed Mushrooms, Trillium Pasta Station Veggies Options]","1/2 Teaspoon",0.08,"Sunflower Oil (CAN)","Plant-Sourced",0.362596899,577.3210769,1834.98366,0.00226796184,0.000822355930234334,1.30934217183691,4.16167291790353,5.47101508974044
"131","Pasta","[CYO Pasta Component] Olive & Caper Topping","Queen Green Olive Pieces [Olive & Caper Topping, Trillium Pasta Station Veggies Options]","2 Tablespoon + 1 3/4 Teaspoon",0.76,"Olives","Produce",0.667007378,391.756793,314.1951794,0.02154563748,0.0143710991628733,8.4406498423054,6.76953543331596,15.2101852756214
"132","Pasta","[CYO Pasta Component] Olive & Caper Topping","Capers [Olive & Caper Topping, Trillium Pasta Station Veggies Options]","1 Tablespoon + 3/4 Teaspoon",0.38,"Olives","Produce",0.667007378,391.756793,314.1951794,0.01077281874,0.00718554958143666,4.2203249211527,3.38476771665798,7.60509263781068
"133","Pasta","[CYO Pasta Component] Olive & Caper Topping","Kalamata Olives [Olive & Caper Topping, Trillium Pasta Station Veggies Options]","2 Tablespoon + 1 3/4 Teaspoon",0.68,"Olives","Produce",0.667007378,391.756793,314.1951794,0.01927767564,0.0128583518825709,7.55216038522062,6.05695275612481,13.6091131413454
"134","Pasta","[CYO Pasta Component] Sauteed Onions","Whole Peeled Onion [Sauteed Onions, Trillium Pasta Station Veggies Options]","1 Lb",16,"Onion","Produce",0.163327378,3.445388421,93.26026124,0.453592368,0.0740840521462511,1.56280189256117,42.3021427361502,43.8649446287114
"135","Pasta","[CYO Pasta Component] Sauteed Onions","Canola Oil [Sauteed Onions, Trillium Pasta Station Veggies Options]","1/2 Teaspoon",0.08,"Sunflower Oil (CAN)","Plant-Sourced",0.362596899,577.3210769,1834.98366,0.00226796184,0.000822355930234334,1.30934217183691,4.16167291790353,5.47101508974044
"136","Pasta","[CYO Pasta Component] Sauteed Pepper Medley","Yellow Bell Pepper [Sauteed Pepper Medley, Trillium Pasta Station Veggies Options]","1 Tablespoon + 3/4 Teaspoon",0.3,"Bell Pepper","Produce",0.183681929,106.3878693,93.54604179,0.0085048569,0.00156218852126096,0.904813604292403,0.79559569898537,1.70040930327777
"137","Pasta","[CYO Pasta Component] Sauteed Pepper Medley","Red Bell Peppers [Sauteed Pepper Medley, Trillium Pasta Station Veggies Options]","2 1/2 Teaspoon",0.2,"Bell Pepper","Produce",0.183681929,106.3878693,93.54604179,0.0056699046,0.00104145901417397,0.603209069528269,0.530397132656913,1.13360620218518
"138","Pasta","[CYO Pasta Component] Sauteed Pepper Medley","Green Bell Peppers [Sauteed Pepper Medley, Trillium Pasta Station Veggies Options]","1 Teaspoon",0.08,"Bell Pepper","Produce",0.183681929,106.3878693,93.54604179,0.00226796184,0.000416583605669589,0.241283627811308,0.212158853062765,0.453442480874073
"139","Pasta","[CYO Pasta Component] Sauteed Pepper Medley","Canola Oil [Sauteed Pepper Medley, Trillium Pasta Station Veggies Options]","1/4 Teaspoon",0.04,"Sunflower Oil (CAN)","Plant-Sourced",0.362596899,577.3210769,1834.98366,0.00113398092,0.000411177965117167,0.654671085918453,2.08083645895177,2.73550754487022
"140","Pasta","[CYO Pasta Component] Sauteed Zucchini & Summer Squash","Canola Oil [Sauteed Zucchini & Summer Squash, Trillium Pasta Station Veggies Options]","1/8 Teaspoon",0.02,"Squash","Produce",0.196778943,36.2682833,55.08741189,0.00056699046,0.000111571783409884,0.0205637706316773,0.0312340370077206,0.0517978076393979
"141","Pasta","[CYO Pasta Component] Sauteed Zucchini & Summer Squash","Yellow Summer Squash [Sauteed Zucchini & Summer Squash, Trillium Pasta Station Veggies Options]","1 Tablespoon + 1/4 Teaspoon",0.41,"Squash","Produce",0.196778943,36.2682833,55.08741189,0.01162330443,0.00228722155990262,0.421557297949385,0.640297758658272,1.06185505660766
"142","Pasta","[CYO Pasta Component] Sauteed Zucchini & Summer Squash","Zucchini Squash [Sauteed Zucchini & Summer Squash, Trillium Pasta Station Veggies Options]","2 Tablespoon + 3/4 Teaspoon",0.83,"Squash","Produce",0.196778943,36.2682833,55.08741189,0.02353010409,0.00463022901151018,0.853396481214609,1.2962125358204,2.14960901703501
"143","Pasta","[CYO Pasta Component] Mild Italian Sausage","Sweet Italian Pork Sausage Links [Mild Italian Sausage, Trillium Pasta Station Meat Options]","3 Oz",3,"Sausage","Animal-Sourced",2.516219627,516.0109594,3235.765715,0.085048569,0.214000878566064,43.8859936852871,275.197243680012,319.083237365299
"144","Pasta","[CYO Pasta Component] Hot Italian Pork Sausage","Hot Italian Pork Sausage Links [Hot Italian Sausage, Trillium Pasta Station Meat Options]","3 Oz",3,"Sausage","Animal-Sourced",2.516219627,516.0109594,3235.765715,0.085048569,0.214000878566064,43.8859936852871,275.197243680012,319.083237365299
"145","Pasta","[CYO Pasta Component] Pork & Beef Meatball","Pork & Beef Meatball [Italian Style Meatballs, Trillium Pasta Station Meat Options]","3 Oz",3,"Beef","Animal-Sourced",25.19412968,528.4900653,1943.670156,0.085048569,2.14272467648443,44.9473237844816,165.306365375807,210.253689160288
"146","Pasta","[CYO Pasta Component] Grilled Chicken","Chicken Breast Bnls Skls 4 Oz Fzn lqf [Grilled Chicken, Trillium Pasta Station Meat Options]","4 Oz",4,"Chicken","Animal-Sourced",1.603195084,426.4459761,2698.938861,0.113398092,0.18179926362938,48.3581600308176,306.054517262053,354.412677292871
"147","Pasta","[CYO Pasta Component] Grilled Chicken","Canola Oil [Grilled Chicken, Trillium Pasta Station Meat Options]","1/8 Teaspoon",0.02,"Sunflower Oil (CAN)","Plant-Sourced",0.362596899,577.3210769,1834.98366,0.00056699046,0.000205588982558584,0.327335542959226,1.04041822947588,1.36775377243511
"148","Pasta","[CYO Pasta Component] Breaded Chicken Breast","Homestyle Breaded Chicken Breast [Breaded Chicken Breast, Trillium Pasta Station Meat Options]","3.5 Oz",3.5,"Chicken","Animal-Sourced",1.603195084,426.4459761,2698.938861,0.0992233305,0.159074355675707,42.3133900269654,267.797702604297,310.111092631262
"149","Pasta","[CYO Pasta Component] Parmesan Cheese","Shredded Parmesan Cheese [Parmesan Cheese, Trillium Pasta Station Cheese Options]","2 1/4 Teaspoon",0.17,"Parmesan","Animal-Sourced",10.44179914,169.5572789,652.803775,0.00481941891,0.0503234042297377,0.817167556258804,3.14613485775439,3.96330241401319
"150","Pasta","[CYO Pasta Component] Asiago Cheese","Asiago Cheese [Asiago Cheese, Trillium Pasta Station Cheese Options]","1 Tablespoon",0.22,"Parmesan","Animal-Sourced",10.44179914,169.5572789,652.803775,0.00623689506,0.0651244054737783,1.05751095515845,4.07146863944685,5.1289795946053
"151","Pasta","[CYO Pasta Component] Breadstick","Parbaked Garlic Breadstick [Breadstick]","1.75 Oz",1.75,"Wheat Bread","Plant-Sourced",0.614982159,166.2343333,2030.208394,0.04961166525,0.0305102890070303,8.24716209673653,100.722019230868,108.969181327605
"152","Pasta","[CYO Pasta Component] Parsley Garnish","Fresh Flat Leaf Parsley","0.1 Oz",0.1,"Spinach","Produce",0.214220658,81.19892838,13.58569839,0.0028349523,0.000607305347104614,0.230195088768416,0.0385148068978368,0.268709895666253
"153","Pasta","[CYO Pasta Component] Meatless Meatballs","Gardein Vegan Meatball","1.6 Oz",1.6,"Pea Protein (CAN)","Plant-Sourced",1.339099931,202.4332893,378.6097424,0.0453592368,0.0607405508690927,9.18221950556161,17.1734489603086,26.3556684658702
