date,time,count,period,,,,,,,,,,,,,,,,,,,,,,,,,,
January 21,10:00 AM,30,Control,,,,,,,,,,,,,,,,,,,,,,,,,,
January 21,10:15 AM,32,Control,,,,,,,,,,,,,,,,,,,,,,,,,,
January 21,10:30 AM,8,Control,,,,,,,,,,,,,,,,,,,,,,,,,,
January 21,10:45 AM,14,Control,,,,,,,,,,,,,,,,,,,,,,,,,,
January 21,11:00 AM,90,Control,,,,,,,,,,,,,,,,,,,,,,,,,,
January 21,11:15 AM,114,Control,,,,,,,,,,,,,,,,,,,,,,,,,,
January 21,11:30 AM,149,Control,,,,,,,,,,,,,,,,,,,,,,,,,,
January 21,11:45 AM,121,Control,,,,,,,,,,,,,,,,,,,,,,,,,,
January 21,12:00 PM,111,Control,,,,,,,,,,,,,,,,,,,,,,,,,,
January 21,12:15 PM,85,Control,,,,,,,,,,,,,,,,,,,,,,,,,,
January 21,12:30 PM,90,Control,,,,,,,,,,,,,,,,,,,,,,,,,,
January 21,12:45 PM,156,Control,,,,,,,,,,,,,,,,,,,,,,,,,,
January 21,1:00 PM,205,Control,,,,,,,,,,,,,,,,,,,,,,,,,,
January 21,1:15 PM,150,Control,,,,,,,,,,,,,,,,,,,,,,,,,,
January 21,1:30 PM,93,Control,,,,,,,,,,,,,,,,,,,,,,,,,,
January 21,1:45 PM,34,Control,,,,,,,,,,,,,,,,,,,,,,,,,,
January 21,2:00 PM,36,Control,,,,,,,,,,,,,,,,,,,,,,,,,,
January 21,2:15 PM,41,Control,,,,,,,,,,,,,,,,,,,,,,,,,,
January 21,2:30 PM,41,Control,,,,,,,,,,,,,,,,,,,,,,,,,,
January 21,2:45 PM,40,Control,,,,,,,,,,,,,,,,,,,,,,,,,,
January 21,3:00 PM,9,Control,,,,,,,,,,,,,,,,,,,,,,,,,,
January 21,8:00 AM,9,Control,,,,,,,,,,,,,,,,,,,,,,,,,,
January 21,8:15 AM,19,Control,,,,,,,,,,,,,,,,,,,,,,,,,,
January 21,8:30 AM,7,Control,,,,,,,,,,,,,,,,,,,,,,,,,,
January 21,8:45 AM,30,Control,,,,,,,,,,,,,,,,,,,,,,,,,,
January 21,9:00 AM,28,Control,,,,,,,,,,,,,,,,,,,,,,,,,,
January 21,9:15 AM,23,Control,,,,,,,,,,,,,,,,,,,,,,,,,,
January 21,9:30 AM,31,Control,,,,,,,,,,,,,,,,,,,,,,,,,,
January 21,9:45 AM,26,Control,,,,,,,,,,,,,,,,,,,,,,,,,,
January 22,10:00 AM,48,Control,,,,,,,,,,,,,,,,,,,,,,,,,,
January 22,10:15 AM,28,Control,,,,,,,,,,,,,,,,,,,,,,,,,,
January 22,10:30 AM,11,Control,,,,,,,,,,,,,,,,,,,,,,,,,,
January 22,10:45 AM,25,Control,,,,,,,,,,,,,,,,,,,,,,,,,,
January 22,11:00 AM,124,Control,,,,,,,,,,,,,,,,,,,,,,,,,,
January 22,11:15 AM,129,Control,,,,,,,,,,,,,,,,,,,,,,,,,,
January 22,11:30 AM,119,Control,,,,,,,,,,,,,,,,,,,,,,,,,,
January 22,11:45 AM,74,Control,,,,,,,,,,,,,,,,,,,,,,,,,,
January 22,12:00 PM,109,Control,,,,,,,,,,,,,,,,,,,,,,,,,,
January 22,12:15 PM,193,Control,,,,,,,,,,,,,,,,,,,,,,,,,,
January 22,12:30 PM,151,Control,,,,,,,,,,,,,,,,,,,,,,,,,,
January 22,12:45 PM,138,Control,,,,,,,,,,,,,,,,,,,,,,,,,,
January 22,1:00 PM,147,Control,,,,,,,,,,,,,,,,,,,,,,,,,,
January 22,1:15 PM,105,Control,,,,,,,,,,,,,,,,,,,,,,,,,,
January 22,1:30 PM,62,Control,,,,,,,,,,,,,,,,,,,,,,,,,,
January 22,1:45 PM,26,Control,,,,,,,,,,,,,,,,,,,,,,,,,,
January 22,2:00 PM,31,Control,,,,,,,,,,,,,,,,,,,,,,,,,,
January 22,2:15 PM,72,Control,,,,,,,,,,,,,,,,,,,,,,,,,,
January 22,2:30 PM,35,Control,,,,,,,,,,,,,,,,,,,,,,,,,,
January 22,2:45 PM,19,Control,,,,,,,,,,,,,,,,,,,,,,,,,,
January 22,3:00 PM,6,Control,,,,,,,,,,,,,,,,,,,,,,,,,,
January 22,7:30 AM,1,Control,,,,,,,,,,,,,,,,,,,,,,,,,,
January 22,7:45 AM,1,Control,,,,,,,,,,,,,,,,,,,,,,,,,,
January 22,8:00 AM,4,Control,,,,,,,,,,,,,,,,,,,,,,,,,,
January 22,8:15 AM,9,Control,,,,,,,,,,,,,,,,,,,,,,,,,,
January 22,8:30 AM,24,Control,,,,,,,,,,,,,,,,,,,,,,,,,,
January 22,8:45 AM,31,Control,,,,,,,,,,,,,,,,,,,,,,,,,,
January 22,9:00 AM,21,Control,,,,,,,,,,,,,,,,,,,,,,,,,,
January 22,9:15 AM,29,Control,,,,,,,,,,,,,,,,,,,,,,,,,,
January 22,9:30 AM,29,Control,,,,,,,,,,,,,,,,,,,,,,,,,,
January 22,9:45 AM,48,Control,,,,,,,,,,,,,,,,,,,,,,,,,,
January 23,10:00 AM,29,Control,,,,,,,,,,,,,,,,,,,,,,,,,,
January 23,10:15 AM,30,Control,,,,,,,,,,,,,,,,,,,,,,,,,,
January 23,10:30 AM,6,Control,,,,,,,,,,,,,,,,,,,,,,,,,,
January 23,10:45 AM,8,Control,,,,,,,,,,,,,,,,,,,,,,,,,,
January 23,11:00 AM,73,Control,,,,,,,,,,,,,,,,,,,,,,,,,,
January 23,11:15 AM,81,Control,,,,,,,,,,,,,,,,,,,,,,,,,,
January 23,11:30 AM,170,Control,,,,,,,,,,,,,,,,,,,,,,,,,,
January 23,11:45 AM,135,Control,,,,,,,,,,,,,,,,,,,,,,,,,,
January 23,12:00 PM,115,Control,,,,,,,,,,,,,,,,,,,,,,,,,,
January 23,12:15 PM,106,Control,,,,,,,,,,,,,,,,,,,,,,,,,,
January 23,12:30 PM,76,Control,,,,,,,,,,,,,,,,,,,,,,,,,,
January 23,12:45 PM,114,Control,,,,,,,,,,,,,,,,,,,,,,,,,,
January 23,1:00 PM,240,Control,,,,,,,,,,,,,,,,,,,,,,,,,,
January 23,1:15 PM,130,Control,,,,,,,,,,,,,,,,,,,,,,,,,,
January 23,1:30 PM,61,Control,,,,,,,,,,,,,,,,,,,,,,,,,,
January 23,1:45 PM,40,Control,,,,,,,,,,,,,,,,,,,,,,,,,,
January 23,2:00 PM,25,Control,,,,,,,,,,,,,,,,,,,,,,,,,,
January 23,2:15 PM,50,Control,,,,,,,,,,,,,,,,,,,,,,,,,,
January 23,2:30 PM,69,Control,,,,,,,,,,,,,,,,,,,,,,,,,,
January 23,2:45 PM,52,Control,,,,,,,,,,,,,,,,,,,,,,,,,,
January 23,3:00 PM,5,Control,,,,,,,,,,,,,,,,,,,,,,,,,,
January 23,8:00 AM,12,Control,,,,,,,,,,,,,,,,,,,,,,,,,,
January 23,8:15 AM,22,Control,,,,,,,,,,,,,,,,,,,,,,,,,,
January 23,8:30 AM,10,Control,,,,,,,,,,,,,,,,,,,,,,,,,,
January 23,8:45 AM,41,Control,,,,,,,,,,,,,,,,,,,,,,,,,,
January 23,9:00 AM,28,Control,,,,,,,,,,,,,,,,,,,,,,,,,,
January 23,9:15 AM,21,Control,,,,,,,,,,,,,,,,,,,,,,,,,,
January 23,9:30 AM,25,Control,,,,,,,,,,,,,,,,,,,,,,,,,,
January 23,9:45 AM,16,Control,,,,,,,,,,,,,,,,,,,,,,,,,,
January 24,10:00 AM,44,Control,,,,,,,,,,,,,,,,,,,,,,,,,,
January 24,10:15 AM,34,Control,,,,,,,,,,,,,,,,,,,,,,,,,,
January 24,10:30 AM,19,Control,,,,,,,,,,,,,,,,,,,,,,,,,,
January 24,10:45 AM,17,Control,,,,,,,,,,,,,,,,,,,,,,,,,,
January 24,11:00 AM,100,Control,,,,,,,,,,,,,,,,,,,,,,,,,,
January 24,11:15 AM,83,Control,,,,,,,,,,,,,,,,,,,,,,,,,,
January 24,11:30 AM,46,Control,,,,,,,,,,,,,,,,,,,,,,,,,,
January 24,11:45 AM,74,Control,,,,,,,,,,,,,,,,,,,,,,,,,,
January 24,12:00 PM,122,Control,,,,,,,,,,,,,,,,,,,,,,,,,,
January 24,12:15 PM,163,Control,,,,,,,,,,,,,,,,,,,,,,,,,,
January 24,12:30 PM,95,Control,,,,,,,,,,,,,,,,,,,,,,,,,,
January 24,12:45 PM,48,Control,,,,,,,,,,,,,,,,,,,,,,,,,,
January 24,1:00 PM,56,Control,,,,,,,,,,,,,,,,,,,,,,,,,,
January 24,1:15 PM,93,Control,,,,,,,,,,,,,,,,,,,,,,,,,,
January 24,1:30 PM,48,Control,,,,,,,,,,,,,,,,,,,,,,,,,,
January 24,1:45 PM,40,Control,,,,,,,,,,,,,,,,,,,,,,,,,,
January 24,2:00 PM,8,Control,,,,,,,,,,,,,,,,,,,,,,,,,,
January 24,8:00 AM,4,Control,,,,,,,,,,,,,,,,,,,,,,,,,,
January 24,8:15 AM,15,Control,,,,,,,,,,,,,,,,,,,,,,,,,,
January 24,8:30 AM,18,Control,,,,,,,,,,,,,,,,,,,,,,,,,,
January 24,8:45 AM,34,Control,,,,,,,,,,,,,,,,,,,,,,,,,,
January 24,9:00 AM,19,Control,,,,,,,,,,,,,,,,,,,,,,,,,,
January 24,9:15 AM,9,Control,,,,,,,,,,,,,,,,,,,,,,,,,,
January 24,9:30 AM,17,Control,,,,,,,,,,,,,,,,,,,,,,,,,,
January 24,9:45 AM,18,Control,,,,,,,,,,,,,,,,,,,,,,,,,,
January 27,10:00 AM,43,Control,,,,,,,,,,,,,,,,,,,,,,,,,,
January 27,10:15 AM,31,Control,,,,,,,,,,,,,,,,,,,,,,,,,,
January 27,10:30 AM,6,Control,,,,,,,,,,,,,,,,,,,,,,,,,,
January 27,10:45 AM,10,Control,,,,,,,,,,,,,,,,,,,,,,,,,,
January 27,11:00 AM,132,Control,,,,,,,,,,,,,,,,,,,,,,,,,,
January 27,11:15 AM,106,Control,,,,,,,,,,,,,,,,,,,,,,,,,,
January 27,11:30 AM,121,Control,,,,,,,,,,,,,,,,,,,,,,,,,,
January 27,11:45 AM,93,Control,,,,,,,,,,,,,,,,,,,,,,,,,,
January 27,12:00 PM,79,Control,,,,,,,,,,,,,,,,,,,,,,,,,,
January 27,12:15 PM,184,Control,,,,,,,,,,,,,,,,,,,,,,,,,,
January 27,12:30 PM,127,Control,,,,,,,,,,,,,,,,,,,,,,,,,,
January 27,12:45 PM,119,Control,,,,,,,,,,,,,,,,,,,,,,,,,,
January 27,1:00 PM,193,Control,,,,,,,,,,,,,,,,,,,,,,,,,,
January 27,1:15 PM,130,Control,,,,,,,,,,,,,,,,,,,,,,,,,,
January 27,1:30 PM,64,Control,,,,,,,,,,,,,,,,,,,,,,,,,,
January 27,1:45 PM,35,Control,,,,,,,,,,,,,,,,,,,,,,,,,,
January 27,2:00 PM,24,Control,,,,,,,,,,,,,,,,,,,,,,,,,,
January 27,2:15 PM,64,Control,,,,,,,,,,,,,,,,,,,,,,,,,,
January 27,2:30 PM,54,Control,,,,,,,,,,,,,,,,,,,,,,,,,,
January 27,2:45 PM,43,Control,,,,,,,,,,,,,,,,,,,,,,,,,,
January 27,3:00 PM,2,Control,,,,,,,,,,,,,,,,,,,,,,,,,,
January 27,3:15 PM,1,Control,,,,,,,,,,,,,,,,,,,,,,,,,,
January 27,8:00 AM,11,Control,,,,,,,,,,,,,,,,,,,,,,,,,,
January 27,8:15 AM,18,Control,,,,,,,,,,,,,,,,,,,,,,,,,,
January 27,8:30 AM,16,Control,,,,,,,,,,,,,,,,,,,,,,,,,,
January 27,8:45 AM,30,Control,,,,,,,,,,,,,,,,,,,,,,,,,,
January 27,9:00 AM,19,Control,,,,,,,,,,,,,,,,,,,,,,,,,,
January 27,9:15 AM,24,Control,,,,,,,,,,,,,,,,,,,,,,,,,,
January 27,9:30 AM,21,Control,,,,,,,,,,,,,,,,,,,,,,,,,,
January 27,9:45 AM,36,Control,,,,,,,,,,,,,,,,,,,,,,,,,,
January 28,10:00 AM,49,Control,,,,,,,,,,,,,,,,,,,,,,,,,,
January 28,10:15 AM,48,Control,,,,,,,,,,,,,,,,,,,,,,,,,,
January 28,10:30 AM,10,Control,,,,,,,,,,,,,,,,,,,,,,,,,,
January 28,10:45 AM,14,Control,,,,,,,,,,,,,,,,,,,,,,,,,,
January 28,11:00 AM,89,Control,,,,,,,,,,,,,,,,,,,,,,,,,,
January 28,11:15 AM,100,Control,,,,,,,,,,,,,,,,,,,,,,,,,,
January 28,11:30 AM,174,Control,,,,,,,,,,,,,,,,,,,,,,,,,,
January 28,11:45 AM,116,Control,,,,,,,,,,,,,,,,,,,,,,,,,,
January 28,12:00 PM,104,Control,,,,,,,,,,,,,,,,,,,,,,,,,,
January 28,12:15 PM,97,Control,,,,,,,,,,,,,,,,,,,,,,,,,,
January 28,12:30 PM,74,Control,,,,,,,,,,,,,,,,,,,,,,,,,,
January 28,12:45 PM,101,Control,,,,,,,,,,,,,,,,,,,,,,,,,,
January 28,1:00 PM,248,Control,,,,,,,,,,,,,,,,,,,,,,,,,,
January 28,1:15 PM,161,Control,,,,,,,,,,,,,,,,,,,,,,,,,,
January 28,1:30 PM,73,Control,,,,,,,,,,,,,,,,,,,,,,,,,,
January 28,1:45 PM,34,Control,,,,,,,,,,,,,,,,,,,,,,,,,,
January 28,2:00 PM,41,Control,,,,,,,,,,,,,,,,,,,,,,,,,,
January 28,2:15 PM,65,Control,,,,,,,,,,,,,,,,,,,,,,,,,,
January 28,2:30 PM,57,Control,,,,,,,,,,,,,,,,,,,,,,,,,,
January 28,2:45 PM,65,Control,,,,,,,,,,,,,,,,,,,,,,,,,,
January 28,3:00 PM,2,Control,,,,,,,,,,,,,,,,,,,,,,,,,,
January 28,8:00 AM,19,Control,,,,,,,,,,,,,,,,,,,,,,,,,,
January 28,8:15 AM,14,Control,,,,,,,,,,,,,,,,,,,,,,,,,,
January 28,8:30 AM,14,Control,,,,,,,,,,,,,,,,,,,,,,,,,,
January 28,8:45 AM,31,Control,,,,,,,,,,,,,,,,,,,,,,,,,,
January 28,9:00 AM,32,Control,,,,,,,,,,,,,,,,,,,,,,,,,,
January 28,9:15 AM,26,Control,,,,,,,,,,,,,,,,,,,,,,,,,,
January 28,9:30 AM,14,Control,,,,,,,,,,,,,,,,,,,,,,,,,,
January 28,9:45 AM,31,Control,,,,,,,,,,,,,,,,,,,,,,,,,,
January 29,10:00 AM,52,Control,,,,,,,,,,,,,,,,,,,,,,,,,,
January 29,10:15 AM,29,Control,,,,,,,,,,,,,,,,,,,,,,,,,,
January 29,10:30 AM,14,Control,,,,,,,,,,,,,,,,,,,,,,,,,,
January 29,10:45 AM,14,Control,,,,,,,,,,,,,,,,,,,,,,,,,,
January 29,11:00 AM,123,Control,,,,,,,,,,,,,,,,,,,,,,,,,,
January 29,11:15 AM,106,Control,,,,,,,,,,,,,,,,,,,,,,,,,,
January 29,11:30 AM,145,Control,,,,,,,,,,,,,,,,,,,,,,,,,,
January 29,11:45 AM,90,Control,,,,,,,,,,,,,,,,,,,,,,,,,,
January 29,12:00 PM,113,Control,,,,,,,,,,,,,,,,,,,,,,,,,,
January 29,12:15 PM,179,Control,,,,,,,,,,,,,,,,,,,,,,,,,,
January 29,12:30 PM,154,Control,,,,,,,,,,,,,,,,,,,,,,,,,,
January 29,12:45 PM,94,Control,,,,,,,,,,,,,,,,,,,,,,,,,,
January 29,1:00 PM,188,Control,,,,,,,,,,,,,,,,,,,,,,,,,,
January 29,1:15 PM,142,Control,,,,,,,,,,,,,,,,,,,,,,,,,,
January 29,1:30 PM,73,Control,,,,,,,,,,,,,,,,,,,,,,,,,,
January 29,1:45 PM,37,Control,,,,,,,,,,,,,,,,,,,,,,,,,,
January 29,2:00 PM,27,Control,,,,,,,,,,,,,,,,,,,,,,,,,,
January 29,2:15 PM,66,Control,,,,,,,,,,,,,,,,,,,,,,,,,,
January 29,2:30 PM,30,Control,,,,,,,,,,,,,,,,,,,,,,,,,,
January 29,2:45 PM,32,Control,,,,,,,,,,,,,,,,,,,,,,,,,,
January 29,3:00 PM,1,Control,,,,,,,,,,,,,,,,,,,,,,,,,,
January 29,8:00 AM,16,Control,,,,,,,,,,,,,,,,,,,,,,,,,,
January 29,8:15 AM,27,Control,,,,,,,,,,,,,,,,,,,,,,,,,,
January 29,8:30 AM,29,Control,,,,,,,,,,,,,,,,,,,,,,,,,,
January 29,8:45 AM,25,Control,,,,,,,,,,,,,,,,,,,,,,,,,,
January 29,9:00 AM,20,Control,,,,,,,,,,,,,,,,,,,,,,,,,,
January 29,9:15 AM,19,Control,,,,,,,,,,,,,,,,,,,,,,,,,,
January 29,9:30 AM,34,Control,,,,,,,,,,,,,,,,,,,,,,,,,,
January 29,9:45 AM,36,Control,,,,,,,,,,,,,,,,,,,,,,,,,,
January 30,10:00 AM,42,Control,,,,,,,,,,,,,,,,,,,,,,,,,,
January 30,10:15 AM,30,Control,,,,,,,,,,,,,,,,,,,,,,,,,,
January 30,10:30 AM,10,Control,,,,,,,,,,,,,,,,,,,,,,,,,,
January 30,10:45 AM,14,Control,,,,,,,,,,,,,,,,,,,,,,,,,,
January 30,11:00 AM,82,Control,,,,,,,,,,,,,,,,,,,,,,,,,,
January 30,11:15 AM,92,Control,,,,,,,,,,,,,,,,,,,,,,,,,,
January 30,11:30 AM,173,Control,,,,,,,,,,,,,,,,,,,,,,,,,,
January 30,11:45 AM,136,Control,,,,,,,,,,,,,,,,,,,,,,,,,,
January 30,12:00 PM,117,Control,,,,,,,,,,,,,,,,,,,,,,,,,,
January 30,12:15 PM,134,Control,,,,,,,,,,,,,,,,,,,,,,,,,,
January 30,12:30 PM,73,Control,,,,,,,,,,,,,,,,,,,,,,,,,,
January 30,12:45 PM,96,Control,,,,,,,,,,,,,,,,,,,,,,,,,,
January 30,1:00 PM,214,Control,,,,,,,,,,,,,,,,,,,,,,,,,,
January 30,1:15 PM,143,Control,,,,,,,,,,,,,,,,,,,,,,,,,,
January 30,1:30 PM,67,Control,,,,,,,,,,,,,,,,,,,,,,,,,,
January 30,1:45 PM,36,Control,,,,,,,,,,,,,,,,,,,,,,,,,,
January 30,2:00 PM,34,Control,,,,,,,,,,,,,,,,,,,,,,,,,,
January 30,2:15 PM,71,Control,,,,,,,,,,,,,,,,,,,,,,,,,,
January 30,2:30 PM,54,Control,,,,,,,,,,,,,,,,,,,,,,,,,,
January 30,2:45 PM,70,Control,,,,,,,,,,,,,,,,,,,,,,,,,,
January 30,3:00 PM,5,Control,,,,,,,,,,,,,,,,,,,,,,,,,,
January 30,3:15 PM,2,Control,,,,,,,,,,,,,,,,,,,,,,,,,,
January 30,8:00 AM,10,Control,,,,,,,,,,,,,,,,,,,,,,,,,,
January 30,8:15 AM,14,Control,,,,,,,,,,,,,,,,,,,,,,,,,,
January 30,8:30 AM,34,Control,,,,,,,,,,,,,,,,,,,,,,,,,,
January 30,8:45 AM,29,Control,,,,,,,,,,,,,,,,,,,,,,,,,,
January 30,9:00 AM,22,Control,,,,,,,,,,,,,,,,,,,,,,,,,,
January 30,9:15 AM,22,Control,,,,,,,,,,,,,,,,,,,,,,,,,,
January 30,9:30 AM,31,Control,,,,,,,,,,,,,,,,,,,,,,,,,,
January 30,9:45 AM,21,Control,,,,,,,,,,,,,,,,,,,,,,,,,,
January 31,10:00 AM,55,Control,,,,,,,,,,,,,,,,,,,,,,,,,,
January 31,10:15 AM,36,Control,,,,,,,,,,,,,,,,,,,,,,,,,,
January 31,10:30 AM,11,Control,,,,,,,,,,,,,,,,,,,,,,,,,,
January 31,10:45 AM,21,Control,,,,,,,,,,,,,,,,,,,,,,,,,,
January 31,11:00 AM,101,Control,,,,,,,,,,,,,,,,,,,,,,,,,,
January 31,11:15 AM,88,Control,,,,,,,,,,,,,,,,,,,,,,,,,,
January 31,11:30 AM,51,Control,,,,,,,,,,,,,,,,,,,,,,,,,,
January 31,11:45 AM,48,Control,,,,,,,,,,,,,,,,,,,,,,,,,,
January 31,12:00 PM,106,Control,,,,,,,,,,,,,,,,,,,,,,,,,,
January 31,12:15 PM,198,Control,,,,,,,,,,,,,,,,,,,,,,,,,,
January 31,12:30 PM,128,Control,,,,,,,,,,,,,,,,,,,,,,,,,,
January 31,12:45 PM,52,Control,,,,,,,,,,,,,,,,,,,,,,,,,,
January 31,1:00 PM,49,Control,,,,,,,,,,,,,,,,,,,,,,,,,,
January 31,1:15 PM,117,Control,,,,,,,,,,,,,,,,,,,,,,,,,,
January 31,1:30 PM,66,Control,,,,,,,,,,,,,,,,,,,,,,,,,,
January 31,1:45 PM,34,Control,,,,,,,,,,,,,,,,,,,,,,,,,,
January 31,2:00 PM,9,Control,,,,,,,,,,,,,,,,,,,,,,,,,,
January 31,7:15 AM,1,Control,,,,,,,,,,,,,,,,,,,,,,,,,,
January 31,8:00 AM,3,Control,,,,,,,,,,,,,,,,,,,,,,,,,,
January 31,8:15 AM,17,Control,,,,,,,,,,,,,,,,,,,,,,,,,,
January 31,8:30 AM,16,Control,,,,,,,,,,,,,,,,,,,,,,,,,,
January 31,8:45 AM,33,Control,,,,,,,,,,,,,,,,,,,,,,,,,,
January 31,9:00 AM,20,Control,,,,,,,,,,,,,,,,,,,,,,,,,,
January 31,9:15 AM,14,Control,,,,,,,,,,,,,,,,,,,,,,,,,,
January 31,9:30 AM,20,Control,,,,,,,,,,,,,,,,,,,,,,,,,,
January 31,9:45 AM,18,Control,,,,,,,,,,,,,,,,,,,,,,,,,,
February 3,10:00 AM,39,Multimodal,,,,,,,,,,,,,,,,,,,,,,,,,,
February 3,10:15 AM,33,Multimodal,,,,,,,,,,,,,,,,,,,,,,,,,,
February 3,10:30 AM,14,Multimodal,,,,,,,,,,,,,,,,,,,,,,,,,,
February 3,10:45 AM,13,Multimodal,,,,,,,,,,,,,,,,,,,,,,,,,,
February 3,11:00 AM,96,Multimodal,,,,,,,,,,,,,,,,,,,,,,,,,,
February 3,11:15 AM,119,Multimodal,,,,,,,,,,,,,,,,,,,,,,,,,,
February 3,11:30 AM,147,Multimodal,,,,,,,,,,,,,,,,,,,,,,,,,,
February 3,11:45 AM,88,Multimodal,,,,,,,,,,,,,,,,,,,,,,,,,,
February 3,12:00 PM,85,Multimodal,,,,,,,,,,,,,,,,,,,,,,,,,,
February 3,12:15 PM,176,Multimodal,,,,,,,,,,,,,,,,,,,,,,,,,,
February 3,12:30 PM,83,Multimodal,,,,,,,,,,,,,,,,,,,,,,,,,,
February 3,12:45 PM,109,Multimodal,,,,,,,,,,,,,,,,,,,,,,,,,,
February 3,1:00 PM,197,Multimodal,,,,,,,,,,,,,,,,,,,,,,,,,,
February 3,1:15 PM,157,Multimodal,,,,,,,,,,,,,,,,,,,,,,,,,,
February 3,1:30 PM,51,Multimodal,,,,,,,,,,,,,,,,,,,,,,,,,,
February 3,1:45 PM,35,Multimodal,,,,,,,,,,,,,,,,,,,,,,,,,,
February 3,2:00 PM,39,Multimodal,,,,,,,,,,,,,,,,,,,,,,,,,,
February 3,2:15 PM,62,Multimodal,,,,,,,,,,,,,,,,,,,,,,,,,,
February 3,2:30 PM,44,Multimodal,,,,,,,,,,,,,,,,,,,,,,,,,,
February 3,2:45 PM,47,Multimodal,,,,,,,,,,,,,,,,,,,,,,,,,,
February 3,3:00 PM,6,Multimodal,,,,,,,,,,,,,,,,,,,,,,,,,,
February 3,3:15 PM,1,Multimodal,,,,,,,,,,,,,,,,,,,,,,,,,,
February 3,7:45 AM,1,Multimodal,,,,,,,,,,,,,,,,,,,,,,,,,,
February 3,8:00 AM,4,Multimodal,,,,,,,,,,,,,,,,,,,,,,,,,,
February 3,8:15 AM,18,Multimodal,,,,,,,,,,,,,,,,,,,,,,,,,,
February 3,8:30 AM,26,Multimodal,,,,,,,,,,,,,,,,,,,,,,,,,,
February 3,8:45 AM,29,Multimodal,,,,,,,,,,,,,,,,,,,,,,,,,,
February 3,9:00 AM,20,Multimodal,,,,,,,,,,,,,,,,,,,,,,,,,,
February 3,9:15 AM,20,Multimodal,,,,,,,,,,,,,,,,,,,,,,,,,,
February 3,9:30 AM,29,Multimodal,,,,,,,,,,,,,,,,,,,,,,,,,,
February 3,9:45 AM,29,Multimodal,,,,,,,,,,,,,,,,,,,,,,,,,,
February 4,10:00 AM,59,Multimodal,,,,,,,,,,,,,,,,,,,,,,,,,,
February 4,10:15 AM,35,Multimodal,,,,,,,,,,,,,,,,,,,,,,,,,,
February 4,10:30 AM,17,Multimodal,,,,,,,,,,,,,,,,,,,,,,,,,,
February 4,10:45 AM,17,Multimodal,,,,,,,,,,,,,,,,,,,,,,,,,,
February 4,11:00 AM,102,Multimodal,,,,,,,,,,,,,,,,,,,,,,,,,,
February 4,11:15 AM,71,Multimodal,,,,,,,,,,,,,,,,,,,,,,,,,,
February 4,11:30 AM,202,Multimodal,,,,,,,,,,,,,,,,,,,,,,,,,,
February 4,11:45 AM,129,Multimodal,,,,,,,,,,,,,,,,,,,,,,,,,,
February 4,12:00 PM,112,Multimodal,,,,,,,,,,,,,,,,,,,,,,,,,,
February 4,12:15 PM,86,Multimodal,,,,,,,,,,,,,,,,,,,,,,,,,,
February 4,12:30 PM,56,Multimodal,,,,,,,,,,,,,,,,,,,,,,,,,,
February 4,12:45 PM,117,Multimodal,,,,,,,,,,,,,,,,,,,,,,,,,,
February 4,1:00 PM,266,Multimodal,,,,,,,,,,,,,,,,,,,,,,,,,,
February 4,1:15 PM,133,Multimodal,,,,,,,,,,,,,,,,,,,,,,,,,,
February 4,1:30 PM,60,Multimodal,,,,,,,,,,,,,,,,,,,,,,,,,,
February 4,1:45 PM,32,Multimodal,,,,,,,,,,,,,,,,,,,,,,,,,,
February 4,2:00 PM,32,Multimodal,,,,,,,,,,,,,,,,,,,,,,,,,,
February 4,2:15 PM,63,Multimodal,,,,,,,,,,,,,,,,,,,,,,,,,,
February 4,2:30 PM,50,Multimodal,,,,,,,,,,,,,,,,,,,,,,,,,,
February 4,2:45 PM,90,Multimodal,,,,,,,,,,,,,,,,,,,,,,,,,,
February 4,3:00 PM,8,Multimodal,,,,,,,,,,,,,,,,,,,,,,,,,,
February 4,4:00 PM,0,Multimodal,,,,,,,,,,,,,,,,,,,,,,,,,,
February 4,8:00 AM,15,Multimodal,,,,,,,,,,,,,,,,,,,,,,,,,,
February 4,8:15 AM,21,Multimodal,,,,,,,,,,,,,,,,,,,,,,,,,,
February 4,8:30 AM,23,Multimodal,,,,,,,,,,,,,,,,,,,,,,,,,,
February 4,8:45 AM,31,Multimodal,,,,,,,,,,,,,,,,,,,,,,,,,,
February 4,9:00 AM,27,Multimodal,,,,,,,,,,,,,,,,,,,,,,,,,,
February 4,9:15 AM,13,Multimodal,,,,,,,,,,,,,,,,,,,,,,,,,,
February 4,9:30 AM,25,Multimodal,,,,,,,,,,,,,,,,,,,,,,,,,,
February 4,9:45 AM,31,Multimodal,,,,,,,,,,,,,,,,,,,,,,,,,,
February 5,10:00 AM,51,Multimodal,,,,,,,,,,,,,,,,,,,,,,,,,,
February 5,10:15 AM,27,Multimodal,,,,,,,,,,,,,,,,,,,,,,,,,,
February 5,10:30 AM,10,Multimodal,,,,,,,,,,,,,,,,,,,,,,,,,,
February 5,10:45 AM,17,Multimodal,,,,,,,,,,,,,,,,,,,,,,,,,,
February 5,11:00 AM,117,Multimodal,,,,,,,,,,,,,,,,,,,,,,,,,,
February 5,11:15 AM,129,Multimodal,,,,,,,,,,,,,,,,,,,,,,,,,,
February 5,11:30 AM,130,Multimodal,,,,,,,,,,,,,,,,,,,,,,,,,,
February 5,11:45 AM,74,Multimodal,,,,,,,,,,,,,,,,,,,,,,,,,,
February 5,12:00 PM,102,Multimodal,,,,,,,,,,,,,,,,,,,,,,,,,,
February 5,12:15 PM,188,Multimodal,,,,,,,,,,,,,,,,,,,,,,,,,,
February 5,12:30 PM,126,Multimodal,,,,,,,,,,,,,,,,,,,,,,,,,,
February 5,12:45 PM,124,Multimodal,,,,,,,,,,,,,,,,,,,,,,,,,,
February 5,1:00 PM,159,Multimodal,,,,,,,,,,,,,,,,,,,,,,,,,,
February 5,1:15 PM,149,Multimodal,,,,,,,,,,,,,,,,,,,,,,,,,,
February 5,1:30 PM,68,Multimodal,,,,,,,,,,,,,,,,,,,,,,,,,,
February 5,1:45 PM,48,Multimodal,,,,,,,,,,,,,,,,,,,,,,,,,,
February 5,2:00 PM,37,Multimodal,,,,,,,,,,,,,,,,,,,,,,,,,,
February 5,2:15 PM,75,Multimodal,,,,,,,,,,,,,,,,,,,,,,,,,,
February 5,2:30 PM,38,Multimodal,,,,,,,,,,,,,,,,,,,,,,,,,,
February 5,2:45 PM,34,Multimodal,,,,,,,,,,,,,,,,,,,,,,,,,,
February 5,3:00 PM,1,Multimodal,,,,,,,,,,,,,,,,,,,,,,,,,,
February 5,8:00 AM,20,Multimodal,,,,,,,,,,,,,,,,,,,,,,,,,,
February 5,8:15 AM,24,Multimodal,,,,,,,,,,,,,,,,,,,,,,,,,,
February 5,8:30 AM,24,Multimodal,,,,,,,,,,,,,,,,,,,,,,,,,,
February 5,8:45 AM,25,Multimodal,,,,,,,,,,,,,,,,,,,,,,,,,,
February 5,9:00 AM,23,Multimodal,,,,,,,,,,,,,,,,,,,,,,,,,,
February 5,9:15 AM,21,Multimodal,,,,,,,,,,,,,,,,,,,,,,,,,,
February 5,9:30 AM,31,Multimodal,,,,,,,,,,,,,,,,,,,,,,,,,,
February 5,9:45 AM,29,Multimodal,,,,,,,,,,,,,,,,,,,,,,,,,,
February 6,10:00 AM,30,Multimodal,,,,,,,,,,,,,,,,,,,,,,,,,,
February 6,10:15 AM,15,Multimodal,,,,,,,,,,,,,,,,,,,,,,,,,,
February 6,10:30 AM,19,Multimodal,,,,,,,,,,,,,,,,,,,,,,,,,,
February 6,10:45 AM,14,Multimodal,,,,,,,,,,,,,,,,,,,,,,,,,,
February 6,11:00 AM,89,Multimodal,,,,,,,,,,,,,,,,,,,,,,,,,,
February 6,11:15 AM,86,Multimodal,,,,,,,,,,,,,,,,,,,,,,,,,,
February 6,11:30 AM,205,Multimodal,,,,,,,,,,,,,,,,,,,,,,,,,,
February 6,11:45 AM,129,Multimodal,,,,,,,,,,,,,,,,,,,,,,,,,,
February 6,12:00 PM,111,Multimodal,,,,,,,,,,,,,,,,,,,,,,,,,,
February 6,12:15 PM,143,Multimodal,,,,,,,,,,,,,,,,,,,,,,,,,,
February 6,12:30 PM,87,Multimodal,,,,,,,,,,,,,,,,,,,,,,,,,,
February 6,12:45 PM,92,Multimodal,,,,,,,,,,,,,,,,,,,,,,,,,,
February 6,1:00 PM,228,Multimodal,,,,,,,,,,,,,,,,,,,,,,,,,,
February 6,1:15 PM,126,Multimodal,,,,,,,,,,,,,,,,,,,,,,,,,,
February 6,1:30 PM,51,Multimodal,,,,,,,,,,,,,,,,,,,,,,,,,,
February 6,1:45 PM,34,Multimodal,,,,,,,,,,,,,,,,,,,,,,,,,,
February 6,2:00 PM,24,Multimodal,,,,,,,,,,,,,,,,,,,,,,,,,,
February 6,2:15 PM,64,Multimodal,,,,,,,,,,,,,,,,,,,,,,,,,,
February 6,2:30 PM,49,Multimodal,,,,,,,,,,,,,,,,,,,,,,,,,,
February 6,2:45 PM,65,Multimodal,,,,,,,,,,,,,,,,,,,,,,,,,,
February 6,3:00 PM,1,Multimodal,,,,,,,,,,,,,,,,,,,,,,,,,,
February 6,8:00 AM,9,Multimodal,,,,,,,,,,,,,,,,,,,,,,,,,,
February 6,8:15 AM,7,Multimodal,,,,,,,,,,,,,,,,,,,,,,,,,,
February 6,8:30 AM,17,Multimodal,,,,,,,,,,,,,,,,,,,,,,,,,,
February 6,8:45 AM,24,Multimodal,,,,,,,,,,,,,,,,,,,,,,,,,,
February 6,9:00 AM,17,Multimodal,,,,,,,,,,,,,,,,,,,,,,,,,,
February 6,9:15 AM,23,Multimodal,,,,,,,,,,,,,,,,,,,,,,,,,,
February 6,9:30 AM,16,Multimodal,,,,,,,,,,,,,,,,,,,,,,,,,,
February 6,9:45 AM,24,Multimodal,,,,,,,,,,,,,,,,,,,,,,,,,,
February 7,10:00 AM,42,Multimodal,,,,,,,,,,,,,,,,,,,,,,,,,,
February 7,10:15 AM,27,Multimodal,,,,,,,,,,,,,,,,,,,,,,,,,,
February 7,10:30 AM,11,Multimodal,,,,,,,,,,,,,,,,,,,,,,,,,,
February 7,10:45 AM,25,Multimodal,,,,,,,,,,,,,,,,,,,,,,,,,,
February 7,11:00 AM,105,Multimodal,,,,,,,,,,,,,,,,,,,,,,,,,,
February 7,11:15 AM,91,Multimodal,,,,,,,,,,,,,,,,,,,,,,,,,,
February 7,11:30 AM,47,Multimodal,,,,,,,,,,,,,,,,,,,,,,,,,,
February 7,11:45 AM,51,Multimodal,,,,,,,,,,,,,,,,,,,,,,,,,,
February 7,12:00 PM,94,Multimodal,,,,,,,,,,,,,,,,,,,,,,,,,,
February 7,12:15 PM,163,Multimodal,,,,,,,,,,,,,,,,,,,,,,,,,,
February 7,12:30 PM,115,Multimodal,,,,,,,,,,,,,,,,,,,,,,,,,,
February 7,12:45 PM,54,Multimodal,,,,,,,,,,,,,,,,,,,,,,,,,,
February 7,1:00 PM,66,Multimodal,,,,,,,,,,,,,,,,,,,,,,,,,,
February 7,1:15 PM,100,Multimodal,,,,,,,,,,,,,,,,,,,,,,,,,,
February 7,1:30 PM,62,Multimodal,,,,,,,,,,,,,,,,,,,,,,,,,,
February 7,1:45 PM,37,Multimodal,,,,,,,,,,,,,,,,,,,,,,,,,,
February 7,2:00 PM,4,Multimodal,,,,,,,,,,,,,,,,,,,,,,,,,,
February 7,2:30 PM,1,Multimodal,,,,,,,,,,,,,,,,,,,,,,,,,,
February 7,8:00 AM,8,Multimodal,,,,,,,,,,,,,,,,,,,,,,,,,,
February 7,8:15 AM,9,Multimodal,,,,,,,,,,,,,,,,,,,,,,,,,,
February 7,8:30 AM,14,Multimodal,,,,,,,,,,,,,,,,,,,,,,,,,,
February 7,8:45 AM,25,Multimodal,,,,,,,,,,,,,,,,,,,,,,,,,,
February 7,9:00 AM,27,Multimodal,,,,,,,,,,,,,,,,,,,,,,,,,,
February 7,9:15 AM,17,Multimodal,,,,,,,,,,,,,,,,,,,,,,,,,,
February 7,9:30 AM,17,Multimodal,,,,,,,,,,,,,,,,,,,,,,,,,,
February 7,9:45 AM,23,Multimodal,,,,,,,,,,,,,,,,,,,,,,,,,,
February 10,10:00 AM,54,Multimodal,,,,,,,,,,,,,,,,,,,,,,,,,,
February 10,10:15 AM,30,Multimodal,,,,,,,,,,,,,,,,,,,,,,,,,,
February 10,10:30 AM,14,Multimodal,,,,,,,,,,,,,,,,,,,,,,,,,,
February 10,10:45 AM,17,Multimodal,,,,,,,,,,,,,,,,,,,,,,,,,,
February 10,11:00 AM,102,Multimodal,,,,,,,,,,,,,,,,,,,,,,,,,,
February 10,11:15 AM,88,Multimodal,,,,,,,,,,,,,,,,,,,,,,,,,,
February 10,11:30 AM,155,Multimodal,,,,,,,,,,,,,,,,,,,,,,,,,,
February 10,11:45 AM,64,Multimodal,,,,,,,,,,,,,,,,,,,,,,,,,,
February 10,12:00 PM,90,Multimodal,,,,,,,,,,,,,,,,,,,,,,,,,,
February 10,12:15 PM,169,Multimodal,,,,,,,,,,,,,,,,,,,,,,,,,,
February 10,12:30 PM,90,Multimodal,,,,,,,,,,,,,,,,,,,,,,,,,,
February 10,12:45 PM,82,Multimodal,,,,,,,,,,,,,,,,,,,,,,,,,,
February 10,1:00 PM,165,Multimodal,,,,,,,,,,,,,,,,,,,,,,,,,,
February 10,1:15 PM,139,Multimodal,,,,,,,,,,,,,,,,,,,,,,,,,,
February 10,1:30 PM,56,Multimodal,,,,,,,,,,,,,,,,,,,,,,,,,,
February 10,1:45 PM,30,Multimodal,,,,,,,,,,,,,,,,,,,,,,,,,,
February 10,2:00 PM,46,Multimodal,,,,,,,,,,,,,,,,,,,,,,,,,,
February 10,2:15 PM,71,Multimodal,,,,,,,,,,,,,,,,,,,,,,,,,,
February 10,2:30 PM,46,Multimodal,,,,,,,,,,,,,,,,,,,,,,,,,,
February 10,2:45 PM,39,Multimodal,,,,,,,,,,,,,,,,,,,,,,,,,,
February 10,8:00 AM,9,Multimodal,,,,,,,,,,,,,,,,,,,,,,,,,,
February 10,8:15 AM,14,Multimodal,,,,,,,,,,,,,,,,,,,,,,,,,,
February 10,8:30 AM,20,Multimodal,,,,,,,,,,,,,,,,,,,,,,,,,,
February 10,8:45 AM,22,Multimodal,,,,,,,,,,,,,,,,,,,,,,,,,,
February 10,9:00 AM,13,Multimodal,,,,,,,,,,,,,,,,,,,,,,,,,,
February 10,9:15 AM,14,Multimodal,,,,,,,,,,,,,,,,,,,,,,,,,,
February 10,9:30 AM,27,Multimodal,,,,,,,,,,,,,,,,,,,,,,,,,,
February 10,9:45 AM,29,Multimodal,,,,,,,,,,,,,,,,,,,,,,,,,,
February 11,10:00 AM,49,Multimodal,,,,,,,,,,,,,,,,,,,,,,,,,,
February 11,10:15 AM,35,Multimodal,,,,,,,,,,,,,,,,,,,,,,,,,,
February 11,10:30 AM,16,Multimodal,,,,,,,,,,,,,,,,,,,,,,,,,,
February 11,10:45 AM,9,Multimodal,,,,,,,,,,,,,,,,,,,,,,,,,,
February 11,11:00 AM,84,Multimodal,,,,,,,,,,,,,,,,,,,,,,,,,,
February 11,11:15 AM,76,Multimodal,,,,,,,,,,,,,,,,,,,,,,,,,,
February 11,11:30 AM,185,Multimodal,,,,,,,,,,,,,,,,,,,,,,,,,,
February 11,11:45 AM,111,Multimodal,,,,,,,,,,,,,,,,,,,,,,,,,,
February 11,12:00 PM,88,Multimodal,,,,,,,,,,,,,,,,,,,,,,,,,,
February 11,12:15 PM,126,Multimodal,,,,,,,,,,,,,,,,,,,,,,,,,,
February 11,12:30 PM,75,Multimodal,,,,,,,,,,,,,,,,,,,,,,,,,,
February 11,12:45 PM,130,Multimodal,,,,,,,,,,,,,,,,,,,,,,,,,,
February 11,1:00 PM,245,Multimodal,,,,,,,,,,,,,,,,,,,,,,,,,,
February 11,1:15 PM,154,Multimodal,,,,,,,,,,,,,,,,,,,,,,,,,,
February 11,1:30 PM,69,Multimodal,,,,,,,,,,,,,,,,,,,,,,,,,,
February 11,1:45 PM,32,Multimodal,,,,,,,,,,,,,,,,,,,,,,,,,,
February 11,2:00 PM,35,Multimodal,,,,,,,,,,,,,,,,,,,,,,,,,,
February 11,2:15 PM,67,Multimodal,,,,,,,,,,,,,,,,,,,,,,,,,,
February 11,2:30 PM,49,Multimodal,,,,,,,,,,,,,,,,,,,,,,,,,,
February 11,2:45 PM,71,Multimodal,,,,,,,,,,,,,,,,,,,,,,,,,,
February 11,3:00 PM,3,Multimodal,,,,,,,,,,,,,,,,,,,,,,,,,,
February 11,8:00 AM,9,Multimodal,,,,,,,,,,,,,,,,,,,,,,,,,,
February 11,8:15 AM,16,Multimodal,,,,,,,,,,,,,,,,,,,,,,,,,,
February 11,8:30 AM,21,Multimodal,,,,,,,,,,,,,,,,,,,,,,,,,,
February 11,8:45 AM,27,Multimodal,,,,,,,,,,,,,,,,,,,,,,,,,,
February 11,9:00 AM,22,Multimodal,,,,,,,,,,,,,,,,,,,,,,,,,,
February 11,9:15 AM,13,Multimodal,,,,,,,,,,,,,,,,,,,,,,,,,,
February 11,9:30 AM,26,Multimodal,,,,,,,,,,,,,,,,,,,,,,,,,,
February 11,9:45 AM,32,Multimodal,,,,,,,,,,,,,,,,,,,,,,,,,,
February 12,10:00 AM,46,Multimodal,,,,,,,,,,,,,,,,,,,,,,,,,,
February 12,10:15 AM,22,Multimodal,,,,,,,,,,,,,,,,,,,,,,,,,,
February 12,10:30 AM,3,Multimodal,,,,,,,,,,,,,,,,,,,,,,,,,,
February 12,10:45 AM,23,Multimodal,,,,,,,,,,,,,,,,,,,,,,,,,,
February 12,11:00 AM,129,Multimodal,,,,,,,,,,,,,,,,,,,,,,,,,,
February 12,11:15 AM,122,Multimodal,,,,,,,,,,,,,,,,,,,,,,,,,,
February 12,11:30 AM,114,Multimodal,,,,,,,,,,,,,,,,,,,,,,,,,,
February 12,11:45 AM,84,Multimodal,,,,,,,,,,,,,,,,,,,,,,,,,,
February 12,12:00 PM,107,Multimodal,,,,,,,,,,,,,,,,,,,,,,,,,,
February 12,12:15 PM,188,Multimodal,,,,,,,,,,,,,,,,,,,,,,,,,,
February 12,12:30 PM,102,Multimodal,,,,,,,,,,,,,,,,,,,,,,,,,,
February 12,12:45 PM,111,Multimodal,,,,,,,,,,,,,,,,,,,,,,,,,,
February 12,1:00 PM,143,Multimodal,,,,,,,,,,,,,,,,,,,,,,,,,,
February 12,1:15 PM,141,Multimodal,,,,,,,,,,,,,,,,,,,,,,,,,,
February 12,1:30 PM,60,Multimodal,,,,,,,,,,,,,,,,,,,,,,,,,,
February 12,1:45 PM,36,Multimodal,,,,,,,,,,,,,,,,,,,,,,,,,,
February 12,2:00 PM,39,Multimodal,,,,,,,,,,,,,,,,,,,,,,,,,,
February 12,2:15 PM,68,Multimodal,,,,,,,,,,,,,,,,,,,,,,,,,,
February 12,2:30 PM,41,Multimodal,,,,,,,,,,,,,,,,,,,,,,,,,,
February 12,2:45 PM,30,Multimodal,,,,,,,,,,,,,,,,,,,,,,,,,,
February 12,3:00 PM,4,Multimodal,,,,,,,,,,,,,,,,,,,,,,,,,,
February 12,7:45 AM,3,Multimodal,,,,,,,,,,,,,,,,,,,,,,,,,,
February 12,8:00 AM,25,Multimodal,,,,,,,,,,,,,,,,,,,,,,,,,,
February 12,8:15 AM,22,Multimodal,,,,,,,,,,,,,,,,,,,,,,,,,,
February 12,8:30 AM,22,Multimodal,,,,,,,,,,,,,,,,,,,,,,,,,,
February 12,8:45 AM,27,Multimodal,,,,,,,,,,,,,,,,,,,,,,,,,,
February 12,9:00 AM,13,Multimodal,,,,,,,,,,,,,,,,,,,,,,,,,,
February 12,9:15 AM,20,Multimodal,,,,,,,,,,,,,,,,,,,,,,,,,,
February 12,9:30 AM,13,Multimodal,,,,,,,,,,,,,,,,,,,,,,,,,,
February 12,9:45 AM,48,Multimodal,,,,,,,,,,,,,,,,,,,,,,,,,,
February 13,10:00 AM,40,Multimodal,,,,,,,,,,,,,,,,,,,,,,,,,,
February 13,10:15 AM,16,Multimodal,,,,,,,,,,,,,,,,,,,,,,,,,,
February 13,10:30 AM,10,Multimodal,,,,,,,,,,,,,,,,,,,,,,,,,,
February 13,10:45 AM,13,Multimodal,,,,,,,,,,,,,,,,,,,,,,,,,,
February 13,11:00 AM,88,Multimodal,,,,,,,,,,,,,,,,,,,,,,,,,,
February 13,11:15 AM,79,Multimodal,,,,,,,,,,,,,,,,,,,,,,,,,,
February 13,11:30 AM,163,Multimodal,,,,,,,,,,,,,,,,,,,,,,,,,,
February 13,11:45 AM,125,Multimodal,,,,,,,,,,,,,,,,,,,,,,,,,,
February 13,12:00 PM,79,Multimodal,,,,,,,,,,,,,,,,,,,,,,,,,,
February 13,12:15 PM,125,Multimodal,,,,,,,,,,,,,,,,,,,,,,,,,,
February 13,12:30 PM,85,Multimodal,,,,,,,,,,,,,,,,,,,,,,,,,,
February 13,12:45 PM,116,Multimodal,,,,,,,,,,,,,,,,,,,,,,,,,,
February 13,1:00 PM,221,Multimodal,,,,,,,,,,,,,,,,,,,,,,,,,,
February 13,1:15 PM,96,Multimodal,,,,,,,,,,,,,,,,,,,,,,,,,,
February 13,1:30 PM,42,Multimodal,,,,,,,,,,,,,,,,,,,,,,,,,,
February 13,1:45 PM,32,Multimodal,,,,,,,,,,,,,,,,,,,,,,,,,,
February 13,2:00 PM,18,Multimodal,,,,,,,,,,,,,,,,,,,,,,,,,,
February 13,2:15 PM,36,Multimodal,,,,,,,,,,,,,,,,,,,,,,,,,,
February 13,2:30 PM,33,Multimodal,,,,,,,,,,,,,,,,,,,,,,,,,,
February 13,2:45 PM,47,Multimodal,,,,,,,,,,,,,,,,,,,,,,,,,,
February 13,3:00 PM,3,Multimodal,,,,,,,,,,,,,,,,,,,,,,,,,,
February 13,8:00 AM,8,Multimodal,,,,,,,,,,,,,,,,,,,,,,,,,,
February 13,8:15 AM,14,Multimodal,,,,,,,,,,,,,,,,,,,,,,,,,,
February 13,8:30 AM,30,Multimodal,,,,,,,,,,,,,,,,,,,,,,,,,,
February 13,8:45 AM,27,Multimodal,,,,,,,,,,,,,,,,,,,,,,,,,,
February 13,9:00 AM,27,Multimodal,,,,,,,,,,,,,,,,,,,,,,,,,,
February 13,9:15 AM,24,Multimodal,,,,,,,,,,,,,,,,,,,,,,,,,,
February 13,9:30 AM,24,Multimodal,,,,,,,,,,,,,,,,,,,,,,,,,,
February 13,9:45 AM,34,Multimodal,,,,,,,,,,,,,,,,,,,,,,,,,,
February 14,10:00 AM,33,Multimodal,,,,,,,,,,,,,,,,,,,,,,,,,,
February 14,10:15 AM,16,Multimodal,,,,,,,,,,,,,,,,,,,,,,,,,,
February 14,10:30 AM,4,Multimodal,,,,,,,,,,,,,,,,,,,,,,,,,,
February 14,10:45 AM,18,Multimodal,,,,,,,,,,,,,,,,,,,,,,,,,,
February 14,11:00 AM,83,Multimodal,,,,,,,,,,,,,,,,,,,,,,,,,,
February 14,11:15 AM,72,Multimodal,,,,,,,,,,,,,,,,,,,,,,,,,,
February 14,11:30 AM,40,Multimodal,,,,,,,,,,,,,,,,,,,,,,,,,,
February 14,11:45 AM,52,Multimodal,,,,,,,,,,,,,,,,,,,,,,,,,,
February 14,12:00 PM,84,Multimodal,,,,,,,,,,,,,,,,,,,,,,,,,,
February 14,12:15 PM,107,Multimodal,,,,,,,,,,,,,,,,,,,,,,,,,,
February 14,12:30 PM,52,Multimodal,,,,,,,,,,,,,,,,,,,,,,,,,,
February 14,12:45 PM,53,Multimodal,,,,,,,,,,,,,,,,,,,,,,,,,,
February 14,1:00 PM,34,Multimodal,,,,,,,,,,,,,,,,,,,,,,,,,,
February 14,1:15 PM,76,Multimodal,,,,,,,,,,,,,,,,,,,,,,,,,,
February 14,1:30 PM,29,Multimodal,,,,,,,,,,,,,,,,,,,,,,,,,,
February 14,1:45 PM,22,Multimodal,,,,,,,,,,,,,,,,,,,,,,,,,,
February 14,2:00 PM,5,Multimodal,,,,,,,,,,,,,,,,,,,,,,,,,,
February 14,8:00 AM,12,Multimodal,,,,,,,,,,,,,,,,,,,,,,,,,,
February 14,8:15 AM,12,Multimodal,,,,,,,,,,,,,,,,,,,,,,,,,,
February 14,8:30 AM,17,Multimodal,,,,,,,,,,,,,,,,,,,,,,,,,,
February 14,8:45 AM,14,Multimodal,,,,,,,,,,,,,,,,,,,,,,,,,,
February 14,9:00 AM,27,Multimodal,,,,,,,,,,,,,,,,,,,,,,,,,,
February 14,9:15 AM,9,Multimodal,,,,,,,,,,,,,,,,,,,,,,,,,,
February 14,9:30 AM,7,Multimodal,,,,,,,,,,,,,,,,,,,,,,,,,,
February 14,9:45 AM,13,Multimodal,,,,,,,,,,,,,,,,,,,,,,,,,,
February 19,10:00 AM,47,Multimodal,,,,,,,,,,,,,,,,,,,,,,,,,,
February 19,10:15 AM,30,Multimodal,,,,,,,,,,,,,,,,,,,,,,,,,,
February 19,10:30 AM,10,Multimodal,,,,,,,,,,,,,,,,,,,,,,,,,,
February 19,10:45 AM,14,Multimodal,,,,,,,,,,,,,,,,,,,,,,,,,,
February 19,11:00 AM,123,Multimodal,,,,,,,,,,,,,,,,,,,,,,,,,,
February 19,11:15 AM,91,Multimodal,,,,,,,,,,,,,,,,,,,,,,,,,,
February 19,11:30 AM,110,Multimodal,,,,,,,,,,,,,,,,,,,,,,,,,,
February 19,11:45 AM,88,Multimodal,,,,,,,,,,,,,,,,,,,,,,,,,,
February 19,12:00 PM,97,Multimodal,,,,,,,,,,,,,,,,,,,,,,,,,,
February 19,12:15 PM,164,Multimodal,,,,,,,,,,,,,,,,,,,,,,,,,,
February 19,12:30 PM,83,Multimodal,,,,,,,,,,,,,,,,,,,,,,,,,,
February 19,12:45 PM,93,Multimodal,,,,,,,,,,,,,,,,,,,,,,,,,,
February 19,1:00 PM,159,Multimodal,,,,,,,,,,,,,,,,,,,,,,,,,,
February 19,1:15 PM,122,Multimodal,,,,,,,,,,,,,,,,,,,,,,,,,,
February 19,1:30 PM,55,Multimodal,,,,,,,,,,,,,,,,,,,,,,,,,,
February 19,1:45 PM,33,Multimodal,,,,,,,,,,,,,,,,,,,,,,,,,,
February 19,2:00 PM,25,Multimodal,,,,,,,,,,,,,,,,,,,,,,,,,,
February 19,2:15 PM,71,Multimodal,,,,,,,,,,,,,,,,,,,,,,,,,,
February 19,2:30 PM,40,Multimodal,,,,,,,,,,,,,,,,,,,,,,,,,,
February 19,2:45 PM,47,Multimodal,,,,,,,,,,,,,,,,,,,,,,,,,,
February 19,3:00 PM,5,Multimodal,,,,,,,,,,,,,,,,,,,,,,,,,,
February 19,8:00 AM,16,Multimodal,,,,,,,,,,,,,,,,,,,,,,,,,,
February 19,8:15 AM,26,Multimodal,,,,,,,,,,,,,,,,,,,,,,,,,,
February 19,8:30 AM,17,Multimodal,,,,,,,,,,,,,,,,,,,,,,,,,,
February 19,8:45 AM,20,Multimodal,,,,,,,,,,,,,,,,,,,,,,,,,,
February 19,9:00 AM,15,Multimodal,,,,,,,,,,,,,,,,,,,,,,,,,,
February 19,9:15 AM,18,Multimodal,,,,,,,,,,,,,,,,,,,,,,,,,,
February 19,9:30 AM,26,Multimodal,,,,,,,,,,,,,,,,,,,,,,,,,,
February 19,9:45 AM,22,Multimodal,,,,,,,,,,,,,,,,,,,,,,,,,,
February 20,10:00 AM,51,Multimodal,,,,,,,,,,,,,,,,,,,,,,,,,,
February 20,10:15 AM,24,Multimodal,,,,,,,,,,,,,,,,,,,,,,,,,,
February 20,10:30 AM,14,Multimodal,,,,,,,,,,,,,,,,,,,,,,,,,,
February 20,10:45 AM,13,Multimodal,,,,,,,,,,,,,,,,,,,,,,,,,,
February 20,11:00 AM,81,Multimodal,,,,,,,,,,,,,,,,,,,,,,,,,,
February 20,11:15 AM,60,Multimodal,,,,,,,,,,,,,,,,,,,,,,,,,,
February 20,11:30 AM,159,Multimodal,,,,,,,,,,,,,,,,,,,,,,,,,,
February 20,11:45 AM,109,Multimodal,,,,,,,,,,,,,,,,,,,,,,,,,,
February 20,12:00 PM,91,Multimodal,,,,,,,,,,,,,,,,,,,,,,,,,,
February 20,12:15 PM,89,Multimodal,,,,,,,,,,,,,,,,,,,,,,,,,,
February 20,12:30 PM,71,Multimodal,,,,,,,,,,,,,,,,,,,,,,,,,,
February 20,12:45 PM,87,Multimodal,,,,,,,,,,,,,,,,,,,,,,,,,,
February 20,1:00 PM,199,Multimodal,,,,,,,,,,,,,,,,,,,,,,,,,,
February 20,1:15 PM,143,Multimodal,,,,,,,,,,,,,,,,,,,,,,,,,,
February 20,1:30 PM,54,Multimodal,,,,,,,,,,,,,,,,,,,,,,,,,,
February 20,1:45 PM,38,Multimodal,,,,,,,,,,,,,,,,,,,,,,,,,,
February 20,2:00 PM,35,Multimodal,,,,,,,,,,,,,,,,,,,,,,,,,,
February 20,2:15 PM,37,Multimodal,,,,,,,,,,,,,,,,,,,,,,,,,,
February 20,2:30 PM,41,Multimodal,,,,,,,,,,,,,,,,,,,,,,,,,,
February 20,2:45 PM,51,Multimodal,,,,,,,,,,,,,,,,,,,,,,,,,,
February 20,3:00 PM,2,Multimodal,,,,,,,,,,,,,,,,,,,,,,,,,,
February 20,8:00 AM,9,Multimodal,,,,,,,,,,,,,,,,,,,,,,,,,,
February 20,8:15 AM,20,Multimodal,,,,,,,,,,,,,,,,,,,,,,,,,,
February 20,8:30 AM,23,Multimodal,,,,,,,,,,,,,,,,,,,,,,,,,,
February 20,8:45 AM,33,Multimodal,,,,,,,,,,,,,,,,,,,,,,,,,,
February 20,9:00 AM,31,Multimodal,,,,,,,,,,,,,,,,,,,,,,,,,,
February 20,9:15 AM,17,Multimodal,,,,,,,,,,,,,,,,,,,,,,,,,,
February 20,9:30 AM,15,Multimodal,,,,,,,,,,,,,,,,,,,,,,,,,,
February 20,9:45 AM,40,Multimodal,,,,,,,,,,,,,,,,,,,,,,,,,,
February 21,10:00 AM,53,Multimodal,,,,,,,,,,,,,,,,,,,,,,,,,,
February 21,10:15 AM,28,Multimodal,,,,,,,,,,,,,,,,,,,,,,,,,,
February 21,10:30 AM,12,Multimodal,,,,,,,,,,,,,,,,,,,,,,,,,,
February 21,10:45 AM,19,Multimodal,,,,,,,,,,,,,,,,,,,,,,,,,,
February 21,11:00 AM,76,Multimodal,,,,,,,,,,,,,,,,,,,,,,,,,,
February 21,11:15 AM,87,Multimodal,,,,,,,,,,,,,,,,,,,,,,,,,,
February 21,11:30 AM,65,Multimodal,,,,,,,,,,,,,,,,,,,,,,,,,,
February 21,11:45 AM,56,Multimodal,,,,,,,,,,,,,,,,,,,,,,,,,,
February 21,12:00 PM,120,Multimodal,,,,,,,,,,,,,,,,,,,,,,,,,,
February 21,12:15 PM,183,Multimodal,,,,,,,,,,,,,,,,,,,,,,,,,,
February 21,12:30 PM,101,Multimodal,,,,,,,,,,,,,,,,,,,,,,,,,,
February 21,12:45 PM,52,Multimodal,,,,,,,,,,,,,,,,,,,,,,,,,,
February 21,1:00 PM,55,Multimodal,,,,,,,,,,,,,,,,,,,,,,,,,,
February 21,1:15 PM,96,Multimodal,,,,,,,,,,,,,,,,,,,,,,,,,,
February 21,1:30 PM,60,Multimodal,,,,,,,,,,,,,,,,,,,,,,,,,,
February 21,1:45 PM,37,Multimodal,,,,,,,,,,,,,,,,,,,,,,,,,,
February 21,2:00 PM,3,Multimodal,,,,,,,,,,,,,,,,,,,,,,,,,,
February 21,8:00 AM,7,Multimodal,,,,,,,,,,,,,,,,,,,,,,,,,,
February 21,8:15 AM,5,Multimodal,,,,,,,,,,,,,,,,,,,,,,,,,,
February 21,8:30 AM,19,Multimodal,,,,,,,,,,,,,,,,,,,,,,,,,,
February 21,8:45 AM,28,Multimodal,,,,,,,,,,,,,,,,,,,,,,,,,,
February 21,9:00 AM,28,Multimodal,,,,,,,,,,,,,,,,,,,,,,,,,,
February 21,9:15 AM,16,Multimodal,,,,,,,,,,,,,,,,,,,,,,,,,,
February 21,9:30 AM,13,Multimodal,,,,,,,,,,,,,,,,,,,,,,,,,,
February 21,9:45 AM,22,Multimodal,,,,,,,,,,,,,,,,,,,,,,,,,,
February 24,10:00 AM,41,Control,,,,,,,,,,,,,,,,,,,,,,,,,,
February 24,10:15 AM,36,Control,,,,,,,,,,,,,,,,,,,,,,,,,,
February 24,10:30 AM,8,Control,,,,,,,,,,,,,,,,,,,,,,,,,,
February 24,10:45 AM,18,Control,,,,,,,,,,,,,,,,,,,,,,,,,,
February 24,11:00 AM,115,Control,,,,,,,,,,,,,,,,,,,,,,,,,,
February 24,11:15 AM,108,Control,,,,,,,,,,,,,,,,,,,,,,,,,,
February 24,11:30 AM,150,Control,,,,,,,,,,,,,,,,,,,,,,,,,,
February 24,11:45 AM,84,Control,,,,,,,,,,,,,,,,,,,,,,,,,,
February 24,12:00 PM,127,Control,,,,,,,,,,,,,,,,,,,,,,,,,,
February 24,12:15 PM,179,Control,,,,,,,,,,,,,,,,,,,,,,,,,,
February 24,12:30 PM,95,Control,,,,,,,,,,,,,,,,,,,,,,,,,,
February 24,12:45 PM,113,Control,,,,,,,,,,,,,,,,,,,,,,,,,,
February 24,1:00 PM,188,Control,,,,,,,,,,,,,,,,,,,,,,,,,,
February 24,1:15 PM,139,Control,,,,,,,,,,,,,,,,,,,,,,,,,,
February 24,1:30 PM,57,Control,,,,,,,,,,,,,,,,,,,,,,,,,,
February 24,1:45 PM,34,Control,,,,,,,,,,,,,,,,,,,,,,,,,,
February 24,2:00 PM,46,Control,,,,,,,,,,,,,,,,,,,,,,,,,,
February 24,2:15 PM,52,Control,,,,,,,,,,,,,,,,,,,,,,,,,,
February 24,2:30 PM,35,Control,,,,,,,,,,,,,,,,,,,,,,,,,,
February 24,2:45 PM,41,Control,,,,,,,,,,,,,,,,,,,,,,,,,,
February 24,3:00 PM,1,Control,,,,,,,,,,,,,,,,,,,,,,,,,,
February 24,8:00 AM,12,Control,,,,,,,,,,,,,,,,,,,,,,,,,,
February 24,8:15 AM,34,Control,,,,,,,,,,,,,,,,,,,,,,,,,,
February 24,8:30 AM,17,Control,,,,,,,,,,,,,,,,,,,,,,,,,,
February 24,8:45 AM,30,Control,,,,,,,,,,,,,,,,,,,,,,,,,,
February 24,9:00 AM,25,Control,,,,,,,,,,,,,,,,,,,,,,,,,,
February 24,9:15 AM,10,Control,,,,,,,,,,,,,,,,,,,,,,,,,,
February 24,9:30 AM,27,Control,,,,,,,,,,,,,,,,,,,,,,,,,,
February 24,9:45 AM,28,Control,,,,,,,,,,,,,,,,,,,,,,,,,,
February 25,10:00 AM,50,Control,,,,,,,,,,,,,,,,,,,,,,,,,,
February 25,10:15 AM,24,Control,,,,,,,,,,,,,,,,,,,,,,,,,,
February 25,10:30 AM,16,Control,,,,,,,,,,,,,,,,,,,,,,,,,,
February 25,10:45 AM,18,Control,,,,,,,,,,,,,,,,,,,,,,,,,,
February 25,11:00 AM,100,Control,,,,,,,,,,,,,,,,,,,,,,,,,,
February 25,11:15 AM,81,Control,,,,,,,,,,,,,,,,,,,,,,,,,,
February 25,11:30 AM,152,Control,,,,,,,,,,,,,,,,,,,,,,,,,,
February 25,11:45 AM,116,Control,,,,,,,,,,,,,,,,,,,,,,,,,,
February 25,12:00 PM,87,Control,,,,,,,,,,,,,,,,,,,,,,,,,,
February 25,12:15 PM,109,Control,,,,,,,,,,,,,,,,,,,,,,,,,,
February 25,12:30 PM,76,Control,,,,,,,,,,,,,,,,,,,,,,,,,,
February 25,12:45 PM,94,Control,,,,,,,,,,,,,,,,,,,,,,,,,,
February 25,1:00 PM,233,Control,,,,,,,,,,,,,,,,,,,,,,,,,,
February 25,1:15 PM,151,Control,,,,,,,,,,,,,,,,,,,,,,,,,,
February 25,1:30 PM,59,Control,,,,,,,,,,,,,,,,,,,,,,,,,,
February 25,1:45 PM,59,Control,,,,,,,,,,,,,,,,,,,,,,,,,,
February 25,2:00 PM,50,Control,,,,,,,,,,,,,,,,,,,,,,,,,,
February 25,2:15 PM,65,Control,,,,,,,,,,,,,,,,,,,,,,,,,,
February 25,2:30 PM,40,Control,,,,,,,,,,,,,,,,,,,,,,,,,,
February 25,2:45 PM,52,Control,,,,,,,,,,,,,,,,,,,,,,,,,,
February 25,3:00 PM,5,Control,,,,,,,,,,,,,,,,,,,,,,,,,,
February 25,3:15 PM,1,Control,,,,,,,,,,,,,,,,,,,,,,,,,,
February 25,8:00 AM,9,Control,,,,,,,,,,,,,,,,,,,,,,,,,,
February 25,8:15 AM,18,Control,,,,,,,,,,,,,,,,,,,,,,,,,,
February 25,8:30 AM,37,Control,,,,,,,,,,,,,,,,,,,,,,,,,,
February 25,8:45 AM,26,Control,,,,,,,,,,,,,,,,,,,,,,,,,,
February 25,9:00 AM,29,Control,,,,,,,,,,,,,,,,,,,,,,,,,,
February 25,9:15 AM,23,Control,,,,,,,,,,,,,,,,,,,,,,,,,,
February 25,9:30 AM,21,Control,,,,,,,,,,,,,,,,,,,,,,,,,,
February 25,9:45 AM,32,Control,,,,,,,,,,,,,,,,,,,,,,,,,,
February 26,10:00 AM,54,Control,,,,,,,,,,,,,,,,,,,,,,,,,,
February 26,10:15 AM,20,Control,,,,,,,,,,,,,,,,,,,,,,,,,,
February 26,10:30 AM,7,Control,,,,,,,,,,,,,,,,,,,,,,,,,,
February 26,10:45 AM,10,Control,,,,,,,,,,,,,,,,,,,,,,,,,,
February 26,11:00 AM,111,Control,,,,,,,,,,,,,,,,,,,,,,,,,,
February 26,11:15 AM,131,Control,,,,,,,,,,,,,,,,,,,,,,,,,,
February 26,11:30 AM,133,Control,,,,,,,,,,,,,,,,,,,,,,,,,,
February 26,11:45 AM,88,Control,,,,,,,,,,,,,,,,,,,,,,,,,,
February 26,12:00 PM,105,Control,,,,,,,,,,,,,,,,,,,,,,,,,,
February 26,12:15 PM,185,Control,,,,,,,,,,,,,,,,,,,,,,,,,,
February 26,12:30 PM,86,Control,,,,,,,,,,,,,,,,,,,,,,,,,,
February 26,12:45 PM,100,Control,,,,,,,,,,,,,,,,,,,,,,,,,,
February 26,1:00 PM,153,Control,,,,,,,,,,,,,,,,,,,,,,,,,,
February 26,1:15 PM,130,Control,,,,,,,,,,,,,,,,,,,,,,,,,,
February 26,1:30 PM,67,Control,,,,,,,,,,,,,,,,,,,,,,,,,,
February 26,1:45 PM,36,Control,,,,,,,,,,,,,,,,,,,,,,,,,,
February 26,2:00 PM,36,Control,,,,,,,,,,,,,,,,,,,,,,,,,,
February 26,2:15 PM,78,Control,,,,,,,,,,,,,,,,,,,,,,,,,,
February 26,2:30 PM,40,Control,,,,,,,,,,,,,,,,,,,,,,,,,,
February 26,2:45 PM,36,Control,,,,,,,,,,,,,,,,,,,,,,,,,,
February 26,7:45 AM,1,Control,,,,,,,,,,,,,,,,,,,,,,,,,,
February 26,8:00 AM,22,Control,,,,,,,,,,,,,,,,,,,,,,,,,,
February 26,8:15 AM,23,Control,,,,,,,,,,,,,,,,,,,,,,,,,,
February 26,8:30 AM,18,Control,,,,,,,,,,,,,,,,,,,,,,,,,,
February 26,8:45 AM,32,Control,,,,,,,,,,,,,,,,,,,,,,,,,,
February 26,9:00 AM,32,Control,,,,,,,,,,,,,,,,,,,,,,,,,,
February 26,9:15 AM,21,Control,,,,,,,,,,,,,,,,,,,,,,,,,,
February 26,9:30 AM,24,Control,,,,,,,,,,,,,,,,,,,,,,,,,,
February 26,9:45 AM,35,Control,,,,,,,,,,,,,,,,,,,,,,,,,,
February 27,10:00 AM,39,Control,,,,,,,,,,,,,,,,,,,,,,,,,,
February 27,10:15 AM,28,Control,,,,,,,,,,,,,,,,,,,,,,,,,,
February 27,10:30 AM,6,Control,,,,,,,,,,,,,,,,,,,,,,,,,,
February 27,10:45 AM,20,Control,,,,,,,,,,,,,,,,,,,,,,,,,,
February 27,11:00 AM,104,Control,,,,,,,,,,,,,,,,,,,,,,,,,,
February 27,11:15 AM,79,Control,,,,,,,,,,,,,,,,,,,,,,,,,,
February 27,11:30 AM,193,Control,,,,,,,,,,,,,,,,,,,,,,,,,,
February 27,11:45 AM,158,Control,,,,,,,,,,,,,,,,,,,,,,,,,,
February 27,12:00 PM,101,Control,,,,,,,,,,,,,,,,,,,,,,,,,,
February 27,12:15 PM,107,Control,,,,,,,,,,,,,,,,,,,,,,,,,,
February 27,12:30 PM,87,Control,,,,,,,,,,,,,,,,,,,,,,,,,,
February 27,12:45 PM,113,Control,,,,,,,,,,,,,,,,,,,,,,,,,,
February 27,1:00 PM,206,Control,,,,,,,,,,,,,,,,,,,,,,,,,,
February 27,1:15 PM,122,Control,,,,,,,,,,,,,,,,,,,,,,,,,,
February 27,1:30 PM,56,Control,,,,,,,,,,,,,,,,,,,,,,,,,,
February 27,1:45 PM,34,Control,,,,,,,,,,,,,,,,,,,,,,,,,,
February 27,2:00 PM,43,Control,,,,,,,,,,,,,,,,,,,,,,,,,,
February 27,2:15 PM,81,Control,,,,,,,,,,,,,,,,,,,,,,,,,,
February 27,2:30 PM,63,Control,,,,,,,,,,,,,,,,,,,,,,,,,,
February 27,2:45 PM,58,Control,,,,,,,,,,,,,,,,,,,,,,,,,,
February 27,3:00 PM,10,Control,,,,,,,,,,,,,,,,,,,,,,,,,,
February 27,3:15 PM,1,Control,,,,,,,,,,,,,,,,,,,,,,,,,,
February 27,6:15 AM,1,Control,,,,,,,,,,,,,,,,,,,,,,,,,,
February 27,8:00 AM,16,Control,,,,,,,,,,,,,,,,,,,,,,,,,,
February 27,8:15 AM,29,Control,,,,,,,,,,,,,,,,,,,,,,,,,,
February 27,8:30 AM,22,Control,,,,,,,,,,,,,,,,,,,,,,,,,,
February 27,8:45 AM,30,Control,,,,,,,,,,,,,,,,,,,,,,,,,,
February 27,9:00 AM,27,Control,,,,,,,,,,,,,,,,,,,,,,,,,,
February 27,9:15 AM,22,Control,,,,,,,,,,,,,,,,,,,,,,,,,,
February 27,9:30 AM,24,Control,,,,,,,,,,,,,,,,,,,,,,,,,,
February 27,9:45 AM,24,Control,,,,,,,,,,,,,,,,,,,,,,,,,,
February 28,10:00 AM,48,Control,,,,,,,,,,,,,,,,,,,,,,,,,,
February 28,10:15 AM,26,Control,,,,,,,,,,,,,,,,,,,,,,,,,,
February 28,10:30 AM,11,Control,,,,,,,,,,,,,,,,,,,,,,,,,,
February 28,10:45 AM,14,Control,,,,,,,,,,,,,,,,,,,,,,,,,,
February 28,11:00 AM,86,Control,,,,,,,,,,,,,,,,,,,,,,,,,,
February 28,11:15 AM,75,Control,,,,,,,,,,,,,,,,,,,,,,,,,,
February 28,11:30 AM,48,Control,,,,,,,,,,,,,,,,,,,,,,,,,,
February 28,11:45 AM,60,Control,,,,,,,,,,,,,,,,,,,,,,,,,,
February 28,12:00 PM,105,Control,,,,,,,,,,,,,,,,,,,,,,,,,,
February 28,12:15 PM,185,Control,,,,,,,,,,,,,,,,,,,,,,,,,,
February 28,12:30 PM,102,Control,,,,,,,,,,,,,,,,,,,,,,,,,,
February 28,12:45 PM,53,Control,,,,,,,,,,,,,,,,,,,,,,,,,,
February 28,1:00 PM,54,Control,,,,,,,,,,,,,,,,,,,,,,,,,,
February 28,1:15 PM,99,Control,,,,,,,,,,,,,,,,,,,,,,,,,,
February 28,1:30 PM,57,Control,,,,,,,,,,,,,,,,,,,,,,,,,,
February 28,1:45 PM,44,Control,,,,,,,,,,,,,,,,,,,,,,,,,,
February 28,2:00 PM,3,Control,,,,,,,,,,,,,,,,,,,,,,,,,,
February 28,8:00 AM,10,Control,,,,,,,,,,,,,,,,,,,,,,,,,,
February 28,8:15 AM,15,Control,,,,,,,,,,,,,,,,,,,,,,,,,,
February 28,8:30 AM,16,Control,,,,,,,,,,,,,,,,,,,,,,,,,,
February 28,8:45 AM,25,Control,,,,,,,,,,,,,,,,,,,,,,,,,,
February 28,9:00 AM,27,Control,,,,,,,,,,,,,,,,,,,,,,,,,,
February 28,9:15 AM,17,Control,,,,,,,,,,,,,,,,,,,,,,,,,,
February 28,9:30 AM,23,Control,,,,,,,,,,,,,,,,,,,,,,,,,,
February 28,9:45 AM,30,Control,,,,,,,,,,,,,,,,,,,,,,,,,,
March 3,10:00 AM,44,Control,,,,,,,,,,,,,,,,,,,,,,,,,,
March 3,10:15 AM,23,Control,,,,,,,,,,,,,,,,,,,,,,,,,,
March 3,10:30 AM,4,Control,,,,,,,,,,,,,,,,,,,,,,,,,,
March 3,10:45 AM,18,Control,,,,,,,,,,,,,,,,,,,,,,,,,,
March 3,11:00 AM,110,Control,,,,,,,,,,,,,,,,,,,,,,,,,,
March 3,11:15 AM,124,Control,,,,,,,,,,,,,,,,,,,,,,,,,,
March 3,11:30 AM,98,Control,,,,,,,,,,,,,,,,,,,,,,,,,,
March 3,11:45 AM,70,Control,,,,,,,,,,,,,,,,,,,,,,,,,,
March 3,12:00 PM,114,Control,,,,,,,,,,,,,,,,,,,,,,,,,,
March 3,12:15 PM,143,Control,,,,,,,,,,,,,,,,,,,,,,,,,,
March 3,12:30 PM,96,Control,,,,,,,,,,,,,,,,,,,,,,,,,,
March 3,12:45 PM,104,Control,,,,,,,,,,,,,,,,,,,,,,,,,,
March 3,1:00 PM,156,Control,,,,,,,,,,,,,,,,,,,,,,,,,,
March 3,1:15 PM,124,Control,,,,,,,,,,,,,,,,,,,,,,,,,,
March 3,1:30 PM,44,Control,,,,,,,,,,,,,,,,,,,,,,,,,,
March 3,1:45 PM,39,Control,,,,,,,,,,,,,,,,,,,,,,,,,,
March 3,2:00 PM,33,Control,,,,,,,,,,,,,,,,,,,,,,,,,,
March 3,2:15 PM,54,Control,,,,,,,,,,,,,,,,,,,,,,,,,,
March 3,2:30 PM,52,Control,,,,,,,,,,,,,,,,,,,,,,,,,,
March 3,2:45 PM,35,Control,,,,,,,,,,,,,,,,,,,,,,,,,,
March 3,3:00 PM,4,Control,,,,,,,,,,,,,,,,,,,,,,,,,,
March 3,7:45 AM,2,Control,,,,,,,,,,,,,,,,,,,,,,,,,,
March 3,8:00 AM,10,Control,,,,,,,,,,,,,,,,,,,,,,,,,,
March 3,8:15 AM,16,Control,,,,,,,,,,,,,,,,,,,,,,,,,,
March 3,8:30 AM,17,Control,,,,,,,,,,,,,,,,,,,,,,,,,,
March 3,8:45 AM,21,Control,,,,,,,,,,,,,,,,,,,,,,,,,,
March 3,9:00 AM,38,Control,,,,,,,,,,,,,,,,,,,,,,,,,,
March 3,9:15 AM,28,Control,,,,,,,,,,,,,,,,,,,,,,,,,,
March 3,9:30 AM,22,Control,,,,,,,,,,,,,,,,,,,,,,,,,,
March 3,9:45 AM,27,Control,,,,,,,,,,,,,,,,,,,,,,,,,,
March 4,10:00 AM,66,Control,,,,,,,,,,,,,,,,,,,,,,,,,,
March 4,10:15 AM,32,Control,,,,,,,,,,,,,,,,,,,,,,,,,,
March 4,10:30 AM,17,Control,,,,,,,,,,,,,,,,,,,,,,,,,,
March 4,10:45 AM,21,Control,,,,,,,,,,,,,,,,,,,,,,,,,,
March 4,11:00 AM,94,Control,,,,,,,,,,,,,,,,,,,,,,,,,,
March 4,11:15 AM,72,Control,,,,,,,,,,,,,,,,,,,,,,,,,,
March 4,11:30 AM,191,Control,,,,,,,,,,,,,,,,,,,,,,,,,,
March 4,11:45 AM,107,Control,,,,,,,,,,,,,,,,,,,,,,,,,,
March 4,12:00 PM,90,Control,,,,,,,,,,,,,,,,,,,,,,,,,,
March 4,12:15 PM,90,Control,,,,,,,,,,,,,,,,,,,,,,,,,,
March 4,12:30 PM,79,Control,,,,,,,,,,,,,,,,,,,,,,,,,,
March 4,12:45 PM,113,Control,,,,,,,,,,,,,,,,,,,,,,,,,,
March 4,1:00 PM,241,Control,,,,,,,,,,,,,,,,,,,,,,,,,,
March 4,1:15 PM,131,Control,,,,,,,,,,,,,,,,,,,,,,,,,,
March 4,1:30 PM,76,Control,,,,,,,,,,,,,,,,,,,,,,,,,,
March 4,1:45 PM,51,Control,,,,,,,,,,,,,,,,,,,,,,,,,,
March 4,2:00 PM,45,Control,,,,,,,,,,,,,,,,,,,,,,,,,,
March 4,2:15 PM,52,Control,,,,,,,,,,,,,,,,,,,,,,,,,,
March 4,2:30 PM,60,Control,,,,,,,,,,,,,,,,,,,,,,,,,,
March 4,2:45 PM,67,Control,,,,,,,,,,,,,,,,,,,,,,,,,,
March 4,3:00 PM,6,Control,,,,,,,,,,,,,,,,,,,,,,,,,,
March 4,8:00 AM,12,Control,,,,,,,,,,,,,,,,,,,,,,,,,,
March 4,8:15 AM,16,Control,,,,,,,,,,,,,,,,,,,,,,,,,,
March 4,8:30 AM,28,Control,,,,,,,,,,,,,,,,,,,,,,,,,,
March 4,8:45 AM,32,Control,,,,,,,,,,,,,,,,,,,,,,,,,,
March 4,9:00 AM,22,Control,,,,,,,,,,,,,,,,,,,,,,,,,,
March 4,9:15 AM,20,Control,,,,,,,,,,,,,,,,,,,,,,,,,,
March 4,9:30 AM,29,Control,,,,,,,,,,,,,,,,,,,,,,,,,,
March 4,9:45 AM,30,Control,,,,,,,,,,,,,,,,,,,,,,,,,,
March 5,10:00 AM,42,Control,,,,,,,,,,,,,,,,,,,,,,,,,,
March 5,10:15 AM,31,Control,,,,,,,,,,,,,,,,,,,,,,,,,,
March 5,10:30 AM,6,Control,,,,,,,,,,,,,,,,,,,,,,,,,,
March 5,10:45 AM,11,Control,,,,,,,,,,,,,,,,,,,,,,,,,,
March 5,11:00 AM,136,Control,,,,,,,,,,,,,,,,,,,,,,,,,,
March 5,11:15 AM,109,Control,,,,,,,,,,,,,,,,,,,,,,,,,,
March 5,11:30 AM,116,Control,,,,,,,,,,,,,,,,,,,,,,,,,,
March 5,11:45 AM,60,Control,,,,,,,,,,,,,,,,,,,,,,,,,,
March 5,12:00 PM,109,Control,,,,,,,,,,,,,,,,,,,,,,,,,,
March 5,12:15 PM,185,Control,,,,,,,,,,,,,,,,,,,,,,,,,,
March 5,12:30 PM,86,Control,,,,,,,,,,,,,,,,,,,,,,,,,,
March 5,12:45 PM,93,Control,,,,,,,,,,,,,,,,,,,,,,,,,,
March 5,1:00 PM,139,Control,,,,,,,,,,,,,,,,,,,,,,,,,,
March 5,1:15 PM,113,Control,,,,,,,,,,,,,,,,,,,,,,,,,,
March 5,1:30 PM,69,Control,,,,,,,,,,,,,,,,,,,,,,,,,,
March 5,1:45 PM,31,Control,,,,,,,,,,,,,,,,,,,,,,,,,,
March 5,2:00 PM,34,Control,,,,,,,,,,,,,,,,,,,,,,,,,,
March 5,2:15 PM,45,Control,,,,,,,,,,,,,,,,,,,,,,,,,,
March 5,2:30 PM,38,Control,,,,,,,,,,,,,,,,,,,,,,,,,,
March 5,2:45 PM,38,Control,,,,,,,,,,,,,,,,,,,,,,,,,,
March 5,3:00 PM,2,Control,,,,,,,,,,,,,,,,,,,,,,,,,,
March 5,3:15 PM,1,Control,,,,,,,,,,,,,,,,,,,,,,,,,,
March 5,7:45 AM,1,Control,,,,,,,,,,,,,,,,,,,,,,,,,,
March 5,8:00 AM,24,Control,,,,,,,,,,,,,,,,,,,,,,,,,,
March 5,8:15 AM,32,Control,,,,,,,,,,,,,,,,,,,,,,,,,,
March 5,8:30 AM,19,Control,,,,,,,,,,,,,,,,,,,,,,,,,,
March 5,8:45 AM,35,Control,,,,,,,,,,,,,,,,,,,,,,,,,,
March 5,9:00 AM,30,Control,,,,,,,,,,,,,,,,,,,,,,,,,,
March 5,9:15 AM,26,Control,,,,,,,,,,,,,,,,,,,,,,,,,,
March 5,9:30 AM,19,Control,,,,,,,,,,,,,,,,,,,,,,,,,,
March 5,9:45 AM,34,Control,,,,,,,,,,,,,,,,,,,,,,,,,,
March 6,10:00 AM,46,Control,,,,,,,,,,,,,,,,,,,,,,,,,,
March 6,10:15 AM,15,Control,,,,,,,,,,,,,,,,,,,,,,,,,,
March 6,10:30 AM,11,Control,,,,,,,,,,,,,,,,,,,,,,,,,,
March 6,10:45 AM,10,Control,,,,,,,,,,,,,,,,,,,,,,,,,,
March 6,11:00 AM,94,Control,,,,,,,,,,,,,,,,,,,,,,,,,,
March 6,11:15 AM,82,Control,,,,,,,,,,,,,,,,,,,,,,,,,,
March 6,11:30 AM,185,Control,,,,,,,,,,,,,,,,,,,,,,,,,,
March 6,11:45 AM,114,Control,,,,,,,,,,,,,,,,,,,,,,,,,,
March 6,12:00 PM,114,Control,,,,,,,,,,,,,,,,,,,,,,,,,,
March 6,12:15 PM,120,Control,,,,,,,,,,,,,,,,,,,,,,,,,,
March 6,12:30 PM,71,Control,,,,,,,,,,,,,,,,,,,,,,,,,,
March 6,12:45 PM,111,Control,,,,,,,,,,,,,,,,,,,,,,,,,,
March 6,1:00 PM,206,Control,,,,,,,,,,,,,,,,,,,,,,,,,,
March 6,1:15 PM,109,Control,,,,,,,,,,,,,,,,,,,,,,,,,,
March 6,1:30 PM,66,Control,,,,,,,,,,,,,,,,,,,,,,,,,,
March 6,1:45 PM,37,Control,,,,,,,,,,,,,,,,,,,,,,,,,,
March 6,2:00 PM,30,Control,,,,,,,,,,,,,,,,,,,,,,,,,,
March 6,2:15 PM,46,Control,,,,,,,,,,,,,,,,,,,,,,,,,,
March 6,2:30 PM,53,Control,,,,,,,,,,,,,,,,,,,,,,,,,,
March 6,2:45 PM,49,Control,,,,,,,,,,,,,,,,,,,,,,,,,,
March 6,3:00 PM,2,Control,,,,,,,,,,,,,,,,,,,,,,,,,,
March 6,8:00 AM,10,Control,,,,,,,,,,,,,,,,,,,,,,,,,,
March 6,8:15 AM,18,Control,,,,,,,,,,,,,,,,,,,,,,,,,,
March 6,8:30 AM,32,Control,,,,,,,,,,,,,,,,,,,,,,,,,,
March 6,8:45 AM,25,Control,,,,,,,,,,,,,,,,,,,,,,,,,,
March 6,9:00 AM,19,Control,,,,,,,,,,,,,,,,,,,,,,,,,,
March 6,9:15 AM,18,Control,,,,,,,,,,,,,,,,,,,,,,,,,,
March 6,9:30 AM,26,Control,,,,,,,,,,,,,,,,,,,,,,,,,,
March 6,9:45 AM,32,Control,,,,,,,,,,,,,,,,,,,,,,,,,,
March 7,10:00 AM,51,Control,,,,,,,,,,,,,,,,,,,,,,,,,,
March 7,10:15 AM,25,Control,,,,,,,,,,,,,,,,,,,,,,,,,,
March 7,10:30 AM,3,Control,,,,,,,,,,,,,,,,,,,,,,,,,,
March 7,10:45 AM,14,Control,,,,,,,,,,,,,,,,,,,,,,,,,,
March 7,11:00 AM,72,Control,,,,,,,,,,,,,,,,,,,,,,,,,,
March 7,11:15 AM,58,Control,,,,,,,,,,,,,,,,,,,,,,,,,,
March 7,11:30 AM,56,Control,,,,,,,,,,,,,,,,,,,,,,,,,,
March 7,11:45 AM,45,Control,,,,,,,,,,,,,,,,,,,,,,,,,,
March 7,12:00 PM,113,Control,,,,,,,,,,,,,,,,,,,,,,,,,,
March 7,12:15 PM,152,Control,,,,,,,,,,,,,,,,,,,,,,,,,,
March 7,12:30 PM,79,Control,,,,,,,,,,,,,,,,,,,,,,,,,,
March 7,12:45 PM,54,Control,,,,,,,,,,,,,,,,,,,,,,,,,,
March 7,1:00 PM,56,Control,,,,,,,,,,,,,,,,,,,,,,,,,,
March 7,1:15 PM,105,Control,,,,,,,,,,,,,,,,,,,,,,,,,,
March 7,1:30 PM,44,Control,,,,,,,,,,,,,,,,,,,,,,,,,,
March 7,1:45 PM,32,Control,,,,,,,,,,,,,,,,,,,,,,,,,,
March 7,2:00 PM,10,Control,,,,,,,,,,,,,,,,,,,,,,,,,,
March 7,2:15 PM,1,Control,,,,,,,,,,,,,,,,,,,,,,,,,,
March 7,8:00 AM,12,Control,,,,,,,,,,,,,,,,,,,,,,,,,,
March 7,8:15 AM,11,Control,,,,,,,,,,,,,,,,,,,,,,,,,,
March 7,8:30 AM,10,Control,,,,,,,,,,,,,,,,,,,,,,,,,,
March 7,8:45 AM,20,Control,,,,,,,,,,,,,,,,,,,,,,,,,,
March 7,9:00 AM,23,Control,,,,,,,,,,,,,,,,,,,,,,,,,,
March 7,9:15 AM,14,Control,,,,,,,,,,,,,,,,,,,,,,,,,,
March 7,9:30 AM,14,Control,,,,,,,,,,,,,,,,,,,,,,,,,,
March 7,9:45 AM,25,Control,,,,,,,,,,,,,,,,,,,,,,,,,,
March 10,10:00 AM,45,Unimodal,,,,,,,,,,,,,,,,,,,,,,,,,,
March 10,10:15 AM,26,Unimodal,,,,,,,,,,,,,,,,,,,,,,,,,,
March 10,10:30 AM,8,Unimodal,,,,,,,,,,,,,,,,,,,,,,,,,,
March 10,10:45 AM,11,Unimodal,,,,,,,,,,,,,,,,,,,,,,,,,,
March 10,11:00 AM,94,Unimodal,,,,,,,,,,,,,,,,,,,,,,,,,,
March 10,11:15 AM,113,Unimodal,,,,,,,,,,,,,,,,,,,,,,,,,,
March 10,11:30 AM,118,Unimodal,,,,,,,,,,,,,,,,,,,,,,,,,,
March 10,11:45 AM,65,Unimodal,,,,,,,,,,,,,,,,,,,,,,,,,,
March 10,12:00 PM,87,Unimodal,,,,,,,,,,,,,,,,,,,,,,,,,,
March 10,12:15 PM,134,Unimodal,,,,,,,,,,,,,,,,,,,,,,,,,,
March 10,12:30 PM,78,Unimodal,,,,,,,,,,,,,,,,,,,,,,,,,,
March 10,12:45 PM,95,Unimodal,,,,,,,,,,,,,,,,,,,,,,,,,,
March 10,1:00 PM,181,Unimodal,,,,,,,,,,,,,,,,,,,,,,,,,,
March 10,1:15 PM,122,Unimodal,,,,,,,,,,,,,,,,,,,,,,,,,,
March 10,1:30 PM,47,Unimodal,,,,,,,,,,,,,,,,,,,,,,,,,,
March 10,1:45 PM,43,Unimodal,,,,,,,,,,,,,,,,,,,,,,,,,,
March 10,2:00 PM,35,Unimodal,,,,,,,,,,,,,,,,,,,,,,,,,,
March 10,2:15 PM,78,Unimodal,,,,,,,,,,,,,,,,,,,,,,,,,,
March 10,2:30 PM,46,Unimodal,,,,,,,,,,,,,,,,,,,,,,,,,,
March 10,2:45 PM,38,Unimodal,,,,,,,,,,,,,,,,,,,,,,,,,,
March 10,3:00 PM,1,Unimodal,,,,,,,,,,,,,,,,,,,,,,,,,,
March 10,8:00 AM,6,Unimodal,,,,,,,,,,,,,,,,,,,,,,,,,,
March 10,8:15 AM,12,Unimodal,,,,,,,,,,,,,,,,,,,,,,,,,,
March 10,8:30 AM,16,Unimodal,,,,,,,,,,,,,,,,,,,,,,,,,,
March 10,8:45 AM,37,Unimodal,,,,,,,,,,,,,,,,,,,,,,,,,,
March 10,9:00 AM,21,Unimodal,,,,,,,,,,,,,,,,,,,,,,,,,,
March 10,9:15 AM,15,Unimodal,,,,,,,,,,,,,,,,,,,,,,,,,,
March 10,9:30 AM,23,Unimodal,,,,,,,,,,,,,,,,,,,,,,,,,,
March 10,9:45 AM,28,Unimodal,,,,,,,,,,,,,,,,,,,,,,,,,,
March 11,10:00 AM,40,Unimodal,,,,,,,,,,,,,,,,,,,,,,,,,,
March 11,10:15 AM,36,Unimodal,,,,,,,,,,,,,,,,,,,,,,,,,,
March 11,10:30 AM,14,Unimodal,,,,,,,,,,,,,,,,,,,,,,,,,,
March 11,10:45 AM,7,Unimodal,,,,,,,,,,,,,,,,,,,,,,,,,,
March 11,11:00 AM,98,Unimodal,,,,,,,,,,,,,,,,,,,,,,,,,,
March 11,11:15 AM,84,Unimodal,,,,,,,,,,,,,,,,,,,,,,,,,,
March 11,11:30 AM,164,Unimodal,,,,,,,,,,,,,,,,,,,,,,,,,,
March 11,11:45 AM,97,Unimodal,,,,,,,,,,,,,,,,,,,,,,,,,,
March 11,12:00 PM,84,Unimodal,,,,,,,,,,,,,,,,,,,,,,,,,,
March 11,12:15 PM,105,Unimodal,,,,,,,,,,,,,,,,,,,,,,,,,,
March 11,12:30 PM,94,Unimodal,,,,,,,,,,,,,,,,,,,,,,,,,,
March 11,12:45 PM,108,Unimodal,,,,,,,,,,,,,,,,,,,,,,,,,,
March 11,1:00 PM,211,Unimodal,,,,,,,,,,,,,,,,,,,,,,,,,,
March 11,1:15 PM,117,Unimodal,,,,,,,,,,,,,,,,,,,,,,,,,,
March 11,1:30 PM,56,Unimodal,,,,,,,,,,,,,,,,,,,,,,,,,,
March 11,1:45 PM,48,Unimodal,,,,,,,,,,,,,,,,,,,,,,,,,,
March 11,2:00 PM,43,Unimodal,,,,,,,,,,,,,,,,,,,,,,,,,,
March 11,2:15 PM,59,Unimodal,,,,,,,,,,,,,,,,,,,,,,,,,,
March 11,2:30 PM,44,Unimodal,,,,,,,,,,,,,,,,,,,,,,,,,,
March 11,2:45 PM,62,Unimodal,,,,,,,,,,,,,,,,,,,,,,,,,,
March 11,3:00 PM,6,Unimodal,,,,,,,,,,,,,,,,,,,,,,,,,,
March 11,7:30 AM,1,Unimodal,,,,,,,,,,,,,,,,,,,,,,,,,,
March 11,8:00 AM,12,Unimodal,,,,,,,,,,,,,,,,,,,,,,,,,,
March 11,8:15 AM,27,Unimodal,,,,,,,,,,,,,,,,,,,,,,,,,,
March 11,8:30 AM,23,Unimodal,,,,,,,,,,,,,,,,,,,,,,,,,,
March 11,8:45 AM,28,Unimodal,,,,,,,,,,,,,,,,,,,,,,,,,,
March 11,9:00 AM,23,Unimodal,,,,,,,,,,,,,,,,,,,,,,,,,,
March 11,9:15 AM,18,Unimodal,,,,,,,,,,,,,,,,,,,,,,,,,,
March 11,9:30 AM,10,Unimodal,,,,,,,,,,,,,,,,,,,,,,,,,,
March 11,9:45 AM,31,Unimodal,,,,,,,,,,,,,,,,,,,,,,,,,,
March 12,10:00 AM,43,Unimodal,,,,,,,,,,,,,,,,,,,,,,,,,,
March 12,10:15 AM,25,Unimodal,,,,,,,,,,,,,,,,,,,,,,,,,,
March 12,10:30 AM,6,Unimodal,,,,,,,,,,,,,,,,,,,,,,,,,,
March 12,10:45 AM,8,Unimodal,,,,,,,,,,,,,,,,,,,,,,,,,,
March 12,11:00 AM,113,Unimodal,,,,,,,,,,,,,,,,,,,,,,,,,,
March 12,11:15 AM,128,Unimodal,,,,,,,,,,,,,,,,,,,,,,,,,,
March 12,11:30 AM,105,Unimodal,,,,,,,,,,,,,,,,,,,,,,,,,,
March 12,11:45 AM,74,Unimodal,,,,,,,,,,,,,,,,,,,,,,,,,,
March 12,12:00 PM,112,Unimodal,,,,,,,,,,,,,,,,,,,,,,,,,,
March 12,12:15 PM,184,Unimodal,,,,,,,,,,,,,,,,,,,,,,,,,,
March 12,12:30 PM,82,Unimodal,,,,,,,,,,,,,,,,,,,,,,,,,,
March 12,12:45 PM,90,Unimodal,,,,,,,,,,,,,,,,,,,,,,,,,,
March 12,1:00 PM,144,Unimodal,,,,,,,,,,,,,,,,,,,,,,,,,,
March 12,1:15 PM,135,Unimodal,,,,,,,,,,,,,,,,,,,,,,,,,,
March 12,1:30 PM,63,Unimodal,,,,,,,,,,,,,,,,,,,,,,,,,,
March 12,1:45 PM,38,Unimodal,,,,,,,,,,,,,,,,,,,,,,,,,,
March 12,2:00 PM,33,Unimodal,,,,,,,,,,,,,,,,,,,,,,,,,,
March 12,2:15 PM,69,Unimodal,,,,,,,,,,,,,,,,,,,,,,,,,,
March 12,2:30 PM,31,Unimodal,,,,,,,,,,,,,,,,,,,,,,,,,,
March 12,2:45 PM,43,Unimodal,,,,,,,,,,,,,,,,,,,,,,,,,,
March 12,3:00 PM,2,Unimodal,,,,,,,,,,,,,,,,,,,,,,,,,,
March 12,8:00 AM,17,Unimodal,,,,,,,,,,,,,,,,,,,,,,,,,,
March 12,8:15 AM,26,Unimodal,,,,,,,,,,,,,,,,,,,,,,,,,,
March 12,8:30 AM,22,Unimodal,,,,,,,,,,,,,,,,,,,,,,,,,,
March 12,8:45 AM,23,Unimodal,,,,,,,,,,,,,,,,,,,,,,,,,,
March 12,9:00 AM,39,Unimodal,,,,,,,,,,,,,,,,,,,,,,,,,,
March 12,9:15 AM,29,Unimodal,,,,,,,,,,,,,,,,,,,,,,,,,,
March 12,9:30 AM,30,Unimodal,,,,,,,,,,,,,,,,,,,,,,,,,,
March 12,9:45 AM,32,Unimodal,,,,,,,,,,,,,,,,,,,,,,,,,,
March 13,10:00 AM,50,Unimodal,,,,,,,,,,,,,,,,,,,,,,,,,,
March 13,10:15 AM,22,Unimodal,,,,,,,,,,,,,,,,,,,,,,,,,,
March 13,10:30 AM,5,Unimodal,,,,,,,,,,,,,,,,,,,,,,,,,,
March 13,10:45 AM,17,Unimodal,,,,,,,,,,,,,,,,,,,,,,,,,,
March 13,11:00 AM,104,Unimodal,,,,,,,,,,,,,,,,,,,,,,,,,,
March 13,11:15 AM,79,Unimodal,,,,,,,,,,,,,,,,,,,,,,,,,,
March 13,11:30 AM,179,Unimodal,,,,,,,,,,,,,,,,,,,,,,,,,,
March 13,11:45 AM,103,Unimodal,,,,,,,,,,,,,,,,,,,,,,,,,,
March 13,12:00 PM,85,Unimodal,,,,,,,,,,,,,,,,,,,,,,,,,,
March 13,12:15 PM,96,Unimodal,,,,,,,,,,,,,,,,,,,,,,,,,,
March 13,12:30 PM,76,Unimodal,,,,,,,,,,,,,,,,,,,,,,,,,,
March 13,12:45 PM,110,Unimodal,,,,,,,,,,,,,,,,,,,,,,,,,,
March 13,1:00 PM,205,Unimodal,,,,,,,,,,,,,,,,,,,,,,,,,,
March 13,1:15 PM,132,Unimodal,,,,,,,,,,,,,,,,,,,,,,,,,,
March 13,1:30 PM,45,Unimodal,,,,,,,,,,,,,,,,,,,,,,,,,,
March 13,1:45 PM,34,Unimodal,,,,,,,,,,,,,,,,,,,,,,,,,,
March 13,2:00 PM,36,Unimodal,,,,,,,,,,,,,,,,,,,,,,,,,,
March 13,2:15 PM,67,Unimodal,,,,,,,,,,,,,,,,,,,,,,,,,,
March 13,2:30 PM,52,Unimodal,,,,,,,,,,,,,,,,,,,,,,,,,,
March 13,2:45 PM,54,Unimodal,,,,,,,,,,,,,,,,,,,,,,,,,,
March 13,8:00 AM,6,Unimodal,,,,,,,,,,,,,,,,,,,,,,,,,,
March 13,8:15 AM,12,Unimodal,,,,,,,,,,,,,,,,,,,,,,,,,,
March 13,8:30 AM,30,Unimodal,,,,,,,,,,,,,,,,,,,,,,,,,,
March 13,8:45 AM,32,Unimodal,,,,,,,,,,,,,,,,,,,,,,,,,,
March 13,9:00 AM,33,Unimodal,,,,,,,,,,,,,,,,,,,,,,,,,,
March 13,9:15 AM,21,Unimodal,,,,,,,,,,,,,,,,,,,,,,,,,,
March 13,9:30 AM,18,Unimodal,,,,,,,,,,,,,,,,,,,,,,,,,,
March 13,9:45 AM,32,Unimodal,,,,,,,,,,,,,,,,,,,,,,,,,,
March 14,10:00 AM,36,Unimodal,,,,,,,,,,,,,,,,,,,,,,,,,,
March 14,10:15 AM,29,Unimodal,,,,,,,,,,,,,,,,,,,,,,,,,,
March 14,10:30 AM,11,Unimodal,,,,,,,,,,,,,,,,,,,,,,,,,,
March 14,10:45 AM,11,Unimodal,,,,,,,,,,,,,,,,,,,,,,,,,,
March 14,11:00 AM,81,Unimodal,,,,,,,,,,,,,,,,,,,,,,,,,,
March 14,11:15 AM,60,Unimodal,,,,,,,,,,,,,,,,,,,,,,,,,,
March 14,11:30 AM,50,Unimodal,,,,,,,,,,,,,,,,,,,,,,,,,,
March 14,11:45 AM,52,Unimodal,,,,,,,,,,,,,,,,,,,,,,,,,,
March 14,12:00 PM,92,Unimodal,,,,,,,,,,,,,,,,,,,,,,,,,,
March 14,12:15 PM,145,Unimodal,,,,,,,,,,,,,,,,,,,,,,,,,,
March 14,12:30 PM,73,Unimodal,,,,,,,,,,,,,,,,,,,,,,,,,,
March 14,12:45 PM,49,Unimodal,,,,,,,,,,,,,,,,,,,,,,,,,,
March 14,1:00 PM,57,Unimodal,,,,,,,,,,,,,,,,,,,,,,,,,,
March 14,1:15 PM,89,Unimodal,,,,,,,,,,,,,,,,,,,,,,,,,,
March 14,1:30 PM,61,Unimodal,,,,,,,,,,,,,,,,,,,,,,,,,,
March 14,1:45 PM,42,Unimodal,,,,,,,,,,,,,,,,,,,,,,,,,,
March 14,2:00 PM,4,Unimodal,,,,,,,,,,,,,,,,,,,,,,,,,,
March 14,2:15 PM,1,Unimodal,,,,,,,,,,,,,,,,,,,,,,,,,,
March 14,2:30 PM,1,Unimodal,,,,,,,,,,,,,,,,,,,,,,,,,,
March 14,8:00 AM,5,Unimodal,,,,,,,,,,,,,,,,,,,,,,,,,,
March 14,8:15 AM,17,Unimodal,,,,,,,,,,,,,,,,,,,,,,,,,,
March 14,8:30 AM,12,Unimodal,,,,,,,,,,,,,,,,,,,,,,,,,,
March 14,8:45 AM,18,Unimodal,,,,,,,,,,,,,,,,,,,,,,,,,,
March 14,9:00 AM,23,Unimodal,,,,,,,,,,,,,,,,,,,,,,,,,,
March 14,9:15 AM,12,Unimodal,,,,,,,,,,,,,,,,,,,,,,,,,,
March 14,9:30 AM,22,Unimodal,,,,,,,,,,,,,,,,,,,,,,,,,,
March 14,9:45 AM,17,Unimodal,,,,,,,,,,,,,,,,,,,,,,,,,,
March 17,10:00 AM,42,Unimodal,,,,,,,,,,,,,,,,,,,,,,,,,,
March 17,10:15 AM,30,Unimodal,,,,,,,,,,,,,,,,,,,,,,,,,,
March 17,10:30 AM,10,Unimodal,,,,,,,,,,,,,,,,,,,,,,,,,,
March 17,10:45 AM,9,Unimodal,,,,,,,,,,,,,,,,,,,,,,,,,,
March 17,11:00 AM,91,Unimodal,,,,,,,,,,,,,,,,,,,,,,,,,,
March 17,11:15 AM,96,Unimodal,,,,,,,,,,,,,,,,,,,,,,,,,,
March 17,11:30 AM,116,Unimodal,,,,,,,,,,,,,,,,,,,,,,,,,,
March 17,11:45 AM,75,Unimodal,,,,,,,,,,,,,,,,,,,,,,,,,,
March 17,12:00 PM,105,Unimodal,,,,,,,,,,,,,,,,,,,,,,,,,,
March 17,12:15 PM,160,Unimodal,,,,,,,,,,,,,,,,,,,,,,,,,,
March 17,12:30 PM,67,Unimodal,,,,,,,,,,,,,,,,,,,,,,,,,,
March 17,12:45 PM,91,Unimodal,,,,,,,,,,,,,,,,,,,,,,,,,,
March 17,1:00 PM,162,Unimodal,,,,,,,,,,,,,,,,,,,,,,,,,,
March 17,1:15 PM,151,Unimodal,,,,,,,,,,,,,,,,,,,,,,,,,,
March 17,1:30 PM,63,Unimodal,,,,,,,,,,,,,,,,,,,,,,,,,,
March 17,1:45 PM,37,Unimodal,,,,,,,,,,,,,,,,,,,,,,,,,,
March 17,2:00 PM,36,Unimodal,,,,,,,,,,,,,,,,,,,,,,,,,,
March 17,2:15 PM,60,Unimodal,,,,,,,,,,,,,,,,,,,,,,,,,,
March 17,2:30 PM,31,Unimodal,,,,,,,,,,,,,,,,,,,,,,,,,,
March 17,2:45 PM,40,Unimodal,,,,,,,,,,,,,,,,,,,,,,,,,,
March 17,3:00 PM,4,Unimodal,,,,,,,,,,,,,,,,,,,,,,,,,,
March 17,8:00 AM,7,Unimodal,,,,,,,,,,,,,,,,,,,,,,,,,,
March 17,8:15 AM,11,Unimodal,,,,,,,,,,,,,,,,,,,,,,,,,,
March 17,8:30 AM,18,Unimodal,,,,,,,,,,,,,,,,,,,,,,,,,,
March 17,8:45 AM,27,Unimodal,,,,,,,,,,,,,,,,,,,,,,,,,,
March 17,9:00 AM,22,Unimodal,,,,,,,,,,,,,,,,,,,,,,,,,,
March 17,9:15 AM,21,Unimodal,,,,,,,,,,,,,,,,,,,,,,,,,,
March 17,9:30 AM,22,Unimodal,,,,,,,,,,,,,,,,,,,,,,,,,,
March 17,9:45 AM,28,Unimodal,,,,,,,,,,,,,,,,,,,,,,,,,,
March 18,10:00 AM,45,Unimodal,,,,,,,,,,,,,,,,,,,,,,,,,,
March 18,10:15 AM,31,Unimodal,,,,,,,,,,,,,,,,,,,,,,,,,,
March 18,10:30 AM,15,Unimodal,,,,,,,,,,,,,,,,,,,,,,,,,,
March 18,10:45 AM,5,Unimodal,,,,,,,,,,,,,,,,,,,,,,,,,,
March 18,11:00 AM,85,Unimodal,,,,,,,,,,,,,,,,,,,,,,,,,,
March 18,11:15 AM,68,Unimodal,,,,,,,,,,,,,,,,,,,,,,,,,,
March 18,11:30 AM,173,Unimodal,,,,,,,,,,,,,,,,,,,,,,,,,,
March 18,11:45 AM,95,Unimodal,,,,,,,,,,,,,,,,,,,,,,,,,,
March 18,12:00 PM,93,Unimodal,,,,,,,,,,,,,,,,,,,,,,,,,,
March 18,12:15 PM,108,Unimodal,,,,,,,,,,,,,,,,,,,,,,,,,,
March 18,12:30 PM,83,Unimodal,,,,,,,,,,,,,,,,,,,,,,,,,,
March 18,12:45 PM,120,Unimodal,,,,,,,,,,,,,,,,,,,,,,,,,,
March 18,1:00 PM,185,Unimodal,,,,,,,,,,,,,,,,,,,,,,,,,,
March 18,1:15 PM,153,Unimodal,,,,,,,,,,,,,,,,,,,,,,,,,,
March 18,1:30 PM,64,Unimodal,,,,,,,,,,,,,,,,,,,,,,,,,,
March 18,1:45 PM,40,Unimodal,,,,,,,,,,,,,,,,,,,,,,,,,,
March 18,2:00 PM,50,Unimodal,,,,,,,,,,,,,,,,,,,,,,,,,,
March 18,2:15 PM,45,Unimodal,,,,,,,,,,,,,,,,,,,,,,,,,,
March 18,2:30 PM,38,Unimodal,,,,,,,,,,,,,,,,,,,,,,,,,,
March 18,2:45 PM,66,Unimodal,,,,,,,,,,,,,,,,,,,,,,,,,,
March 18,3:00 PM,1,Unimodal,,,,,,,,,,,,,,,,,,,,,,,,,,
March 18,7:45 AM,1,Unimodal,,,,,,,,,,,,,,,,,,,,,,,,,,
March 18,8:00 AM,19,Unimodal,,,,,,,,,,,,,,,,,,,,,,,,,,
March 18,8:15 AM,14,Unimodal,,,,,,,,,,,,,,,,,,,,,,,,,,
March 18,8:30 AM,21,Unimodal,,,,,,,,,,,,,,,,,,,,,,,,,,
March 18,8:45 AM,32,Unimodal,,,,,,,,,,,,,,,,,,,,,,,,,,
March 18,9:00 AM,26,Unimodal,,,,,,,,,,,,,,,,,,,,,,,,,,
March 18,9:15 AM,35,Unimodal,,,,,,,,,,,,,,,,,,,,,,,,,,
March 18,9:30 AM,19,Unimodal,,,,,,,,,,,,,,,,,,,,,,,,,,
March 18,9:45 AM,39,Unimodal,,,,,,,,,,,,,,,,,,,,,,,,,,
March 19,10:00 AM,46,Unimodal,,,,,,,,,,,,,,,,,,,,,,,,,,
March 19,10:15 AM,23,Unimodal,,,,,,,,,,,,,,,,,,,,,,,,,,
March 19,10:30 AM,8,Unimodal,,,,,,,,,,,,,,,,,,,,,,,,,,
March 19,10:45 AM,9,Unimodal,,,,,,,,,,,,,,,,,,,,,,,,,,
March 19,11:00 AM,108,Unimodal,,,,,,,,,,,,,,,,,,,,,,,,,,
March 19,11:15 AM,116,Unimodal,,,,,,,,,,,,,,,,,,,,,,,,,,
March 19,11:30 AM,113,Unimodal,,,,,,,,,,,,,,,,,,,,,,,,,,
March 19,11:45 AM,67,Unimodal,,,,,,,,,,,,,,,,,,,,,,,,,,
March 19,12:00 PM,111,Unimodal,,,,,,,,,,,,,,,,,,,,,,,,,,
March 19,12:15 PM,174,Unimodal,,,,,,,,,,,,,,,,,,,,,,,,,,
March 19,12:30 PM,87,Unimodal,,,,,,,,,,,,,,,,,,,,,,,,,,
March 19,12:45 PM,101,Unimodal,,,,,,,,,,,,,,,,,,,,,,,,,,
March 19,1:00 PM,175,Unimodal,,,,,,,,,,,,,,,,,,,,,,,,,,
March 19,1:15 PM,145,Unimodal,,,,,,,,,,,,,,,,,,,,,,,,,,
March 19,1:30 PM,69,Unimodal,,,,,,,,,,,,,,,,,,,,,,,,,,
March 19,1:45 PM,36,Unimodal,,,,,,,,,,,,,,,,,,,,,,,,,,
March 19,2:00 PM,43,Unimodal,,,,,,,,,,,,,,,,,,,,,,,,,,
March 19,2:15 PM,53,Unimodal,,,,,,,,,,,,,,,,,,,,,,,,,,
March 19,2:30 PM,37,Unimodal,,,,,,,,,,,,,,,,,,,,,,,,,,
March 19,2:45 PM,33,Unimodal,,,,,,,,,,,,,,,,,,,,,,,,,,
March 19,3:00 PM,4,Unimodal,,,,,,,,,,,,,,,,,,,,,,,,,,
March 19,3:30 PM,1,Unimodal,,,,,,,,,,,,,,,,,,,,,,,,,,
March 19,8:00 AM,27,Unimodal,,,,,,,,,,,,,,,,,,,,,,,,,,
March 19,8:15 AM,16,Unimodal,,,,,,,,,,,,,,,,,,,,,,,,,,
March 19,8:30 AM,20,Unimodal,,,,,,,,,,,,,,,,,,,,,,,,,,
March 19,8:45 AM,16,Unimodal,,,,,,,,,,,,,,,,,,,,,,,,,,
March 19,9:00 AM,24,Unimodal,,,,,,,,,,,,,,,,,,,,,,,,,,
March 19,9:15 AM,30,Unimodal,,,,,,,,,,,,,,,,,,,,,,,,,,
March 19,9:30 AM,21,Unimodal,,,,,,,,,,,,,,,,,,,,,,,,,,
March 19,9:45 AM,21,Unimodal,,,,,,,,,,,,,,,,,,,,,,,,,,
March 20,10:00 AM,51,Unimodal,,,,,,,,,,,,,,,,,,,,,,,,,,
March 20,10:15 AM,24,Unimodal,,,,,,,,,,,,,,,,,,,,,,,,,,
March 20,10:30 AM,12,Unimodal,,,,,,,,,,,,,,,,,,,,,,,,,,
March 20,10:45 AM,13,Unimodal,,,,,,,,,,,,,,,,,,,,,,,,,,
March 20,11:00 AM,93,Unimodal,,,,,,,,,,,,,,,,,,,,,,,,,,
March 20,11:15 AM,88,Unimodal,,,,,,,,,,,,,,,,,,,,,,,,,,
March 20,11:30 AM,177,Unimodal,,,,,,,,,,,,,,,,,,,,,,,,,,
March 20,11:45 AM,101,Unimodal,,,,,,,,,,,,,,,,,,,,,,,,,,
March 20,12:00 PM,103,Unimodal,,,,,,,,,,,,,,,,,,,,,,,,,,
March 20,12:15 PM,107,Unimodal,,,,,,,,,,,,,,,,,,,,,,,,,,
March 20,12:30 PM,64,Unimodal,,,,,,,,,,,,,,,,,,,,,,,,,,
March 20,12:45 PM,105,Unimodal,,,,,,,,,,,,,,,,,,,,,,,,,,
March 20,1:00 PM,204,Unimodal,,,,,,,,,,,,,,,,,,,,,,,,,,
March 20,1:15 PM,124,Unimodal,,,,,,,,,,,,,,,,,,,,,,,,,,
March 20,1:30 PM,60,Unimodal,,,,,,,,,,,,,,,,,,,,,,,,,,
March 20,1:45 PM,44,Unimodal,,,,,,,,,,,,,,,,,,,,,,,,,,
March 20,2:00 PM,39,Unimodal,,,,,,,,,,,,,,,,,,,,,,,,,,
March 20,2:15 PM,52,Unimodal,,,,,,,,,,,,,,,,,,,,,,,,,,
March 20,2:30 PM,39,Unimodal,,,,,,,,,,,,,,,,,,,,,,,,,,
March 20,2:45 PM,61,Unimodal,,,,,,,,,,,,,,,,,,,,,,,,,,
March 20,3:00 PM,5,Unimodal,,,,,,,,,,,,,,,,,,,,,,,,,,
March 20,7:30 AM,1,Unimodal,,,,,,,,,,,,,,,,,,,,,,,,,,
March 20,8:00 AM,14,Unimodal,,,,,,,,,,,,,,,,,,,,,,,,,,
March 20,8:15 AM,24,Unimodal,,,,,,,,,,,,,,,,,,,,,,,,,,
March 20,8:30 AM,22,Unimodal,,,,,,,,,,,,,,,,,,,,,,,,,,
March 20,8:45 AM,30,Unimodal,,,,,,,,,,,,,,,,,,,,,,,,,,
March 20,9:00 AM,30,Unimodal,,,,,,,,,,,,,,,,,,,,,,,,,,
March 20,9:15 AM,13,Unimodal,,,,,,,,,,,,,,,,,,,,,,,,,,
March 20,9:30 AM,21,Unimodal,,,,,,,,,,,,,,,,,,,,,,,,,,
March 20,9:45 AM,27,Unimodal,,,,,,,,,,,,,,,,,,,,,,,,,,
March 21,10:00 AM,35,Unimodal,,,,,,,,,,,,,,,,,,,,,,,,,,
March 21,10:15 AM,19,Unimodal,,,,,,,,,,,,,,,,,,,,,,,,,,
March 21,10:30 AM,7,Unimodal,,,,,,,,,,,,,,,,,,,,,,,,,,
March 21,10:45 AM,16,Unimodal,,,,,,,,,,,,,,,,,,,,,,,,,,
March 21,11:00 AM,91,Unimodal,,,,,,,,,,,,,,,,,,,,,,,,,,
March 21,11:15 AM,47,Unimodal,,,,,,,,,,,,,,,,,,,,,,,,,,
March 21,11:30 AM,34,Unimodal,,,,,,,,,,,,,,,,,,,,,,,,,,
March 21,11:45 AM,63,Unimodal,,,,,,,,,,,,,,,,,,,,,,,,,,
March 21,12:00 PM,136,Unimodal,,,,,,,,,,,,,,,,,,,,,,,,,,
March 21,12:15 PM,158,Unimodal,,,,,,,,,,,,,,,,,,,,,,,,,,
March 21,12:30 PM,88,Unimodal,,,,,,,,,,,,,,,,,,,,,,,,,,
March 21,12:45 PM,60,Unimodal,,,,,,,,,,,,,,,,,,,,,,,,,,
March 21,1:00 PM,55,Unimodal,,,,,,,,,,,,,,,,,,,,,,,,,,
March 21,1:15 PM,94,Unimodal,,,,,,,,,,,,,,,,,,,,,,,,,,
March 21,1:30 PM,52,Unimodal,,,,,,,,,,,,,,,,,,,,,,,,,,
March 21,1:45 PM,32,Unimodal,,,,,,,,,,,,,,,,,,,,,,,,,,
March 21,2:00 PM,13,Unimodal,,,,,,,,,,,,,,,,,,,,,,,,,,
March 21,7:45 AM,1,Unimodal,,,,,,,,,,,,,,,,,,,,,,,,,,
March 21,8:00 AM,8,Unimodal,,,,,,,,,,,,,,,,,,,,,,,,,,
March 21,8:15 AM,15,Unimodal,,,,,,,,,,,,,,,,,,,,,,,,,,
March 21,8:30 AM,18,Unimodal,,,,,,,,,,,,,,,,,,,,,,,,,,
March 21,8:45 AM,20,Unimodal,,,,,,,,,,,,,,,,,,,,,,,,,,
March 21,9:00 AM,20,Unimodal,,,,,,,,,,,,,,,,,,,,,,,,,,
March 21,9:15 AM,16,Unimodal,,,,,,,,,,,,,,,,,,,,,,,,,,
March 21,9:30 AM,10,Unimodal,,,,,,,,,,,,,,,,,,,,,,,,,,
March 21,9:45 AM,27,Unimodal,,,,,,,,,,,,,,,,,,,,,,,,,,
March 24,10:00 AM,49,Control,,,,,,,,,,,,,,,,,,,,,,,,,,
March 24,10:15 AM,24,Control,,,,,,,,,,,,,,,,,,,,,,,,,,
March 24,10:30 AM,2,Control,,,,,,,,,,,,,,,,,,,,,,,,,,
March 24,10:45 AM,11,Control,,,,,,,,,,,,,,,,,,,,,,,,,,
March 24,11:00 AM,119,Control,,,,,,,,,,,,,,,,,,,,,,,,,,
March 24,11:15 AM,93,Control,,,,,,,,,,,,,,,,,,,,,,,,,,
March 24,11:30 AM,114,Control,,,,,,,,,,,,,,,,,,,,,,,,,,
March 24,11:45 AM,53,Control,,,,,,,,,,,,,,,,,,,,,,,,,,
March 24,12:00 PM,101,Control,,,,,,,,,,,,,,,,,,,,,,,,,,
March 24,12:15 PM,140,Control,,,,,,,,,,,,,,,,,,,,,,,,,,
March 24,12:30 PM,82,Control,,,,,,,,,,,,,,,,,,,,,,,,,,
March 24,12:45 PM,101,Control,,,,,,,,,,,,,,,,,,,,,,,,,,
March 24,1:00 PM,150,Control,,,,,,,,,,,,,,,,,,,,,,,,,,
March 24,1:15 PM,145,Control,,,,,,,,,,,,,,,,,,,,,,,,,,
March 24,1:30 PM,56,Control,,,,,,,,,,,,,,,,,,,,,,,,,,
March 24,1:45 PM,35,Control,,,,,,,,,,,,,,,,,,,,,,,,,,
March 24,2:00 PM,31,Control,,,,,,,,,,,,,,,,,,,,,,,,,,
March 24,2:15 PM,48,Control,,,,,,,,,,,,,,,,,,,,,,,,,,
March 24,2:30 PM,45,Control,,,,,,,,,,,,,,,,,,,,,,,,,,
March 24,2:45 PM,44,Control,,,,,,,,,,,,,,,,,,,,,,,,,,
March 24,3:00 PM,4,Control,,,,,,,,,,,,,,,,,,,,,,,,,,
March 24,8:00 AM,9,Control,,,,,,,,,,,,,,,,,,,,,,,,,,
March 24,8:15 AM,16,Control,,,,,,,,,,,,,,,,,,,,,,,,,,
March 24,8:30 AM,13,Control,,,,,,,,,,,,,,,,,,,,,,,,,,
March 24,8:45 AM,27,Control,,,,,,,,,,,,,,,,,,,,,,,,,,
March 24,9:00 AM,27,Control,,,,,,,,,,,,,,,,,,,,,,,,,,
March 24,9:15 AM,30,Control,,,,,,,,,,,,,,,,,,,,,,,,,,
March 24,9:30 AM,30,Control,,,,,,,,,,,,,,,,,,,,,,,,,,
March 24,9:45 AM,29,Control,,,,,,,,,,,,,,,,,,,,,,,,,,
March 25,10:00 AM,49,Control,,,,,,,,,,,,,,,,,,,,,,,,,,
March 25,10:15 AM,37,Control,,,,,,,,,,,,,,,,,,,,,,,,,,
March 25,10:30 AM,17,Control,,,,,,,,,,,,,,,,,,,,,,,,,,
March 25,10:45 AM,10,Control,,,,,,,,,,,,,,,,,,,,,,,,,,
March 25,11:00 AM,84,Control,,,,,,,,,,,,,,,,,,,,,,,,,,
March 25,11:15 AM,65,Control,,,,,,,,,,,,,,,,,,,,,,,,,,
March 25,11:30 AM,160,Control,,,,,,,,,,,,,,,,,,,,,,,,,,
March 25,11:45 AM,115,Control,,,,,,,,,,,,,,,,,,,,,,,,,,
March 25,12:00 PM,94,Control,,,,,,,,,,,,,,,,,,,,,,,,,,
March 25,12:15 PM,104,Control,,,,,,,,,,,,,,,,,,,,,,,,,,
March 25,12:30 PM,76,Control,,,,,,,,,,,,,,,,,,,,,,,,,,
March 25,12:45 PM,99,Control,,,,,,,,,,,,,,,,,,,,,,,,,,
March 25,1:00 PM,218,Control,,,,,,,,,,,,,,,,,,,,,,,,,,
March 25,1:15 PM,142,Control,,,,,,,,,,,,,,,,,,,,,,,,,,
March 25,1:30 PM,73,Control,,,,,,,,,,,,,,,,,,,,,,,,,,
March 25,1:45 PM,53,Control,,,,,,,,,,,,,,,,,,,,,,,,,,
March 25,2:00 PM,69,Control,,,,,,,,,,,,,,,,,,,,,,,,,,
March 25,2:15 PM,57,Control,,,,,,,,,,,,,,,,,,,,,,,,,,
March 25,2:30 PM,55,Control,,,,,,,,,,,,,,,,,,,,,,,,,,
March 25,2:45 PM,60,Control,,,,,,,,,,,,,,,,,,,,,,,,,,
March 25,3:00 PM,9,Control,,,,,,,,,,,,,,,,,,,,,,,,,,
March 25,8:00 AM,15,Control,,,,,,,,,,,,,,,,,,,,,,,,,,
March 25,8:15 AM,27,Control,,,,,,,,,,,,,,,,,,,,,,,,,,
March 25,8:30 AM,19,Control,,,,,,,,,,,,,,,,,,,,,,,,,,
March 25,8:45 AM,30,Control,,,,,,,,,,,,,,,,,,,,,,,,,,
March 25,9:00 AM,18,Control,,,,,,,,,,,,,,,,,,,,,,,,,,
March 25,9:15 AM,17,Control,,,,,,,,,,,,,,,,,,,,,,,,,,
March 25,9:30 AM,24,Control,,,,,,,,,,,,,,,,,,,,,,,,,,
March 25,9:45 AM,30,Control,,,,,,,,,,,,,,,,,,,,,,,,,,
March 26,10:00 AM,47,Control,,,,,,,,,,,,,,,,,,,,,,,,,,
March 26,10:15 AM,31,Control,,,,,,,,,,,,,,,,,,,,,,,,,,
March 26,10:30 AM,8,Control,,,,,,,,,,,,,,,,,,,,,,,,,,
March 26,10:45 AM,13,Control,,,,,,,,,,,,,,,,,,,,,,,,,,
March 26,11:00 AM,102,Control,,,,,,,,,,,,,,,,,,,,,,,,,,
March 26,11:15 AM,115,Control,,,,,,,,,,,,,,,,,,,,,,,,,,
March 26,11:30 AM,100,Control,,,,,,,,,,,,,,,,,,,,,,,,,,
March 26,11:45 AM,60,Control,,,,,,,,,,,,,,,,,,,,,,,,,,
March 26,12:00 PM,129,Control,,,,,,,,,,,,,,,,,,,,,,,,,,
March 26,12:15 PM,169,Control,,,,,,,,,,,,,,,,,,,,,,,,,,
March 26,12:30 PM,71,Control,,,,,,,,,,,,,,,,,,,,,,,,,,
March 26,12:45 PM,95,Control,,,,,,,,,,,,,,,,,,,,,,,,,,
March 26,1:00 PM,115,Control,,,,,,,,,,,,,,,,,,,,,,,,,,
March 26,1:15 PM,115,Control,,,,,,,,,,,,,,,,,,,,,,,,,,
March 26,1:30 PM,63,Control,,,,,,,,,,,,,,,,,,,,,,,,,,
March 26,1:45 PM,43,Control,,,,,,,,,,,,,,,,,,,,,,,,,,
March 26,2:00 PM,34,Control,,,,,,,,,,,,,,,,,,,,,,,,,,
March 26,2:15 PM,47,Control,,,,,,,,,,,,,,,,,,,,,,,,,,
March 26,2:30 PM,36,Control,,,,,,,,,,,,,,,,,,,,,,,,,,
March 26,2:45 PM,34,Control,,,,,,,,,,,,,,,,,,,,,,,,,,
March 26,3:00 PM,7,Control,,,,,,,,,,,,,,,,,,,,,,,,,,
March 26,8:00 AM,24,Control,,,,,,,,,,,,,,,,,,,,,,,,,,
March 26,8:15 AM,33,Control,,,,,,,,,,,,,,,,,,,,,,,,,,
March 26,8:30 AM,9,Control,,,,,,,,,,,,,,,,,,,,,,,,,,
March 26,8:45 AM,22,Control,,,,,,,,,,,,,,,,,,,,,,,,,,
March 26,9:00 AM,28,Control,,,,,,,,,,,,,,,,,,,,,,,,,,
March 26,9:15 AM,17,Control,,,,,,,,,,,,,,,,,,,,,,,,,,
March 26,9:30 AM,20,Control,,,,,,,,,,,,,,,,,,,,,,,,,,
March 26,9:45 AM,27,Control,,,,,,,,,,,,,,,,,,,,,,,,,,
March 27,10:00 AM,29,Control,,,,,,,,,,,,,,,,,,,,,,,,,,
March 27,10:15 AM,32,Control,,,,,,,,,,,,,,,,,,,,,,,,,,
March 27,10:30 AM,7,Control,,,,,,,,,,,,,,,,,,,,,,,,,,
March 27,10:45 AM,16,Control,,,,,,,,,,,,,,,,,,,,,,,,,,
March 27,11:00 AM,80,Control,,,,,,,,,,,,,,,,,,,,,,,,,,
March 27,11:15 AM,83,Control,,,,,,,,,,,,,,,,,,,,,,,,,,
March 27,11:30 AM,159,Control,,,,,,,,,,,,,,,,,,,,,,,,,,
March 27,11:45 AM,110,Control,,,,,,,,,,,,,,,,,,,,,,,,,,
March 27,12:00 PM,92,Control,,,,,,,,,,,,,,,,,,,,,,,,,,
March 27,12:15 PM,105,Control,,,,,,,,,,,,,,,,,,,,,,,,,,
March 27,12:30 PM,72,Control,,,,,,,,,,,,,,,,,,,,,,,,,,
March 27,12:45 PM,70,Control,,,,,,,,,,,,,,,,,,,,,,,,,,
March 27,1:00 PM,191,Control,,,,,,,,,,,,,,,,,,,,,,,,,,
March 27,1:15 PM,95,Control,,,,,,,,,,,,,,,,,,,,,,,,,,
March 27,1:30 PM,65,Control,,,,,,,,,,,,,,,,,,,,,,,,,,
March 27,1:45 PM,33,Control,,,,,,,,,,,,,,,,,,,,,,,,,,
March 27,2:00 PM,39,Control,,,,,,,,,,,,,,,,,,,,,,,,,,
March 27,2:15 PM,54,Control,,,,,,,,,,,,,,,,,,,,,,,,,,
March 27,2:30 PM,31,Control,,,,,,,,,,,,,,,,,,,,,,,,,,
March 27,2:45 PM,56,Control,,,,,,,,,,,,,,,,,,,,,,,,,,
March 27,3:00 PM,2,Control,,,,,,,,,,,,,,,,,,,,,,,,,,
March 27,8:00 AM,11,Control,,,,,,,,,,,,,,,,,,,,,,,,,,
March 27,8:15 AM,18,Control,,,,,,,,,,,,,,,,,,,,,,,,,,
March 27,8:30 AM,23,Control,,,,,,,,,,,,,,,,,,,,,,,,,,
March 27,8:45 AM,26,Control,,,,,,,,,,,,,,,,,,,,,,,,,,
March 27,9:00 AM,32,Control,,,,,,,,,,,,,,,,,,,,,,,,,,
March 27,9:15 AM,24,Control,,,,,,,,,,,,,,,,,,,,,,,,,,
March 27,9:30 AM,27,Control,,,,,,,,,,,,,,,,,,,,,,,,,,
March 27,9:45 AM,26,Control,,,,,,,,,,,,,,,,,,,,,,,,,,
March 28,10:00 AM,31,Control,,,,,,,,,,,,,,,,,,,,,,,,,,
March 28,10:15 AM,8,Control,,,,,,,,,,,,,,,,,,,,,,,,,,
March 28,10:30 AM,3,Control,,,,,,,,,,,,,,,,,,,,,,,,,,
March 28,10:45 AM,4,Control,,,,,,,,,,,,,,,,,,,,,,,,,,
March 28,11:00 AM,48,Control,,,,,,,,,,,,,,,,,,,,,,,,,,
March 28,11:15 AM,44,Control,,,,,,,,,,,,,,,,,,,,,,,,,,
March 28,11:30 AM,28,Control,,,,,,,,,,,,,,,,,,,,,,,,,,
March 28,11:45 AM,35,Control,,,,,,,,,,,,,,,,,,,,,,,,,,
March 28,12:00 PM,53,Control,,,,,,,,,,,,,,,,,,,,,,,,,,
March 28,12:15 PM,105,Control,,,,,,,,,,,,,,,,,,,,,,,,,,
March 28,12:30 PM,60,Control,,,,,,,,,,,,,,,,,,,,,,,,,,
March 28,12:45 PM,37,Control,,,,,,,,,,,,,,,,,,,,,,,,,,
March 28,1:00 PM,33,Control,,,,,,,,,,,,,,,,,,,,,,,,,,
March 28,1:15 PM,49,Control,,,,,,,,,,,,,,,,,,,,,,,,,,
March 28,1:30 PM,31,Control,,,,,,,,,,,,,,,,,,,,,,,,,,
March 28,1:45 PM,17,Control,,,,,,,,,,,,,,,,,,,,,,,,,,
March 28,2:00 PM,8,Control,,,,,,,,,,,,,,,,,,,,,,,,,,
March 28,2:30 PM,1,Control,,,,,,,,,,,,,,,,,,,,,,,,,,
March 28,8:00 AM,8,Control,,,,,,,,,,,,,,,,,,,,,,,,,,
March 28,8:15 AM,6,Control,,,,,,,,,,,,,,,,,,,,,,,,,,
March 28,8:30 AM,10,Control,,,,,,,,,,,,,,,,,,,,,,,,,,
March 28,8:45 AM,20,Control,,,,,,,,,,,,,,,,,,,,,,,,,,
March 28,9:00 AM,22,Control,,,,,,,,,,,,,,,,,,,,,,,,,,
March 28,9:15 AM,18,Control,,,,,,,,,,,,,,,,,,,,,,,,,,
March 28,9:30 AM,11,Control,,,,,,,,,,,,,,,,,,,,,,,,,,
March 28,9:45 AM,19,Control,,,,,,,,,,,,,,,,,,,,,,,,,,
April 7,10:00 AM,44,Control,,,,,,,,,,,,,,,,,,,,,,,,,,
April 7,10:15 AM,27,Control,,,,,,,,,,,,,,,,,,,,,,,,,,
April 7,10:30 AM,11,Control,,,,,,,,,,,,,,,,,,,,,,,,,,
April 7,10:45 AM,12,Control,,,,,,,,,,,,,,,,,,,,,,,,,,
April 7,11:00 AM,92,Control,,,,,,,,,,,,,,,,,,,,,,,,,,
April 7,11:15 AM,78,Control,,,,,,,,,,,,,,,,,,,,,,,,,,
April 7,11:30 AM,108,Control,,,,,,,,,,,,,,,,,,,,,,,,,,
April 7,11:45 AM,65,Control,,,,,,,,,,,,,,,,,,,,,,,,,,
April 7,12:00 PM,84,Control,,,,,,,,,,,,,,,,,,,,,,,,,,
April 7,12:15 PM,149,Control,,,,,,,,,,,,,,,,,,,,,,,,,,
April 7,12:30 PM,87,Control,,,,,,,,,,,,,,,,,,,,,,,,,,
April 7,12:45 PM,72,Control,,,,,,,,,,,,,,,,,,,,,,,,,,
April 7,1:00 PM,134,Control,,,,,,,,,,,,,,,,,,,,,,,,,,
April 7,1:15 PM,110,Control,,,,,,,,,,,,,,,,,,,,,,,,,,
April 7,1:30 PM,37,Control,,,,,,,,,,,,,,,,,,,,,,,,,,
April 7,1:45 PM,37,Control,,,,,,,,,,,,,,,,,,,,,,,,,,
April 7,2:00 PM,31,Control,,,,,,,,,,,,,,,,,,,,,,,,,,
April 7,2:15 PM,45,Control,,,,,,,,,,,,,,,,,,,,,,,,,,
April 7,2:30 PM,28,Control,,,,,,,,,,,,,,,,,,,,,,,,,,
April 7,2:45 PM,27,Control,,,,,,,,,,,,,,,,,,,,,,,,,,
April 7,3:00 PM,2,Control,,,,,,,,,,,,,,,,,,,,,,,,,,
April 7,3:15 PM,2,Control,,,,,,,,,,,,,,,,,,,,,,,,,,
April 7,7:45 AM,1,Control,,,,,,,,,,,,,,,,,,,,,,,,,,
April 7,8:00 AM,12,Control,,,,,,,,,,,,,,,,,,,,,,,,,,
April 7,8:15 AM,17,Control,,,,,,,,,,,,,,,,,,,,,,,,,,
April 7,8:30 AM,15,Control,,,,,,,,,,,,,,,,,,,,,,,,,,
April 7,8:45 AM,32,Control,,,,,,,,,,,,,,,,,,,,,,,,,,
April 7,9:00 AM,26,Control,,,,,,,,,,,,,,,,,,,,,,,,,,
April 7,9:15 AM,27,Control,,,,,,,,,,,,,,,,,,,,,,,,,,
April 7,9:30 AM,20,Control,,,,,,,,,,,,,,,,,,,,,,,,,,
April 7,9:45 AM,28,Control,,,,,,,,,,,,,,,,,,,,,,,,,,
April 8,10:00 AM,49,Control,,,,,,,,,,,,,,,,,,,,,,,,,,
April 8,10:15 AM,19,Control,,,,,,,,,,,,,,,,,,,,,,,,,,
April 8,10:30 AM,13,Control,,,,,,,,,,,,,,,,,,,,,,,,,,
April 8,10:45 AM,17,Control,,,,,,,,,,,,,,,,,,,,,,,,,,
April 8,11:00 AM,97,Control,,,,,,,,,,,,,,,,,,,,,,,,,,
April 8,11:15 AM,95,Control,,,,,,,,,,,,,,,,,,,,,,,,,,
April 8,11:30 AM,157,Control,,,,,,,,,,,,,,,,,,,,,,,,,,
April 8,11:45 AM,114,Control,,,,,,,,,,,,,,,,,,,,,,,,,,
April 8,12:00 PM,120,Control,,,,,,,,,,,,,,,,,,,,,,,,,,
April 8,12:15 PM,152,Control,,,,,,,,,,,,,,,,,,,,,,,,,,
April 8,12:30 PM,89,Control,,,,,,,,,,,,,,,,,,,,,,,,,,
April 8,12:45 PM,129,Control,,,,,,,,,,,,,,,,,,,,,,,,,,
April 8,1:00 PM,195,Control,,,,,,,,,,,,,,,,,,,,,,,,,,
April 8,1:15 PM,145,Control,,,,,,,,,,,,,,,,,,,,,,,,,,
April 8,1:30 PM,68,Control,,,,,,,,,,,,,,,,,,,,,,,,,,
April 8,1:45 PM,49,Control,,,,,,,,,,,,,,,,,,,,,,,,,,
April 8,2:00 PM,32,Control,,,,,,,,,,,,,,,,,,,,,,,,,,
April 8,2:15 PM,52,Control,,,,,,,,,,,,,,,,,,,,,,,,,,
April 8,2:30 PM,37,Control,,,,,,,,,,,,,,,,,,,,,,,,,,
April 8,2:45 PM,60,Control,,,,,,,,,,,,,,,,,,,,,,,,,,
April 8,3:00 PM,6,Control,,,,,,,,,,,,,,,,,,,,,,,,,,
April 8,8:00 AM,26,Control,,,,,,,,,,,,,,,,,,,,,,,,,,
April 8,8:15 AM,38,Control,,,,,,,,,,,,,,,,,,,,,,,,,,
April 8,8:30 AM,38,Control,,,,,,,,,,,,,,,,,,,,,,,,,,
April 8,8:45 AM,38,Control,,,,,,,,,,,,,,,,,,,,,,,,,,
April 8,9:00 AM,35,Control,,,,,,,,,,,,,,,,,,,,,,,,,,
April 8,9:15 AM,24,Control,,,,,,,,,,,,,,,,,,,,,,,,,,
April 8,9:30 AM,25,Control,,,,,,,,,,,,,,,,,,,,,,,,,,
April 8,9:45 AM,31,Control,,,,,,,,,,,,,,,,,,,,,,,,,,
April 9,10:00 AM,53,Control,,,,,,,,,,,,,,,,,,,,,,,,,,
April 9,10:15 AM,29,Control,,,,,,,,,,,,,,,,,,,,,,,,,,
April 9,10:30 AM,3,Control,,,,,,,,,,,,,,,,,,,,,,,,,,
April 9,10:45 AM,10,Control,,,,,,,,,,,,,,,,,,,,,,,,,,
April 9,11:00 AM,107,Control,,,,,,,,,,,,,,,,,,,,,,,,,,
April 9,11:15 AM,132,Control,,,,,,,,,,,,,,,,,,,,,,,,,,
April 9,11:30 AM,121,Control,,,,,,,,,,,,,,,,,,,,,,,,,,
April 9,11:45 AM,77,Control,,,,,,,,,,,,,,,,,,,,,,,,,,
April 9,12:00 PM,120,Control,,,,,,,,,,,,,,,,,,,,,,,,,,
April 9,12:15 PM,176,Control,,,,,,,,,,,,,,,,,,,,,,,,,,
April 9,12:30 PM,95,Control,,,,,,,,,,,,,,,,,,,,,,,,,,
April 9,12:45 PM,85,Control,,,,,,,,,,,,,,,,,,,,,,,,,,
April 9,1:00 PM,142,Control,,,,,,,,,,,,,,,,,,,,,,,,,,
April 9,1:15 PM,127,Control,,,,,,,,,,,,,,,,,,,,,,,,,,
April 9,1:30 PM,71,Control,,,,,,,,,,,,,,,,,,,,,,,,,,
April 9,1:45 PM,46,Control,,,,,,,,,,,,,,,,,,,,,,,,,,
April 9,2:00 PM,35,Control,,,,,,,,,,,,,,,,,,,,,,,,,,
April 9,2:15 PM,61,Control,,,,,,,,,,,,,,,,,,,,,,,,,,
April 9,2:30 PM,49,Control,,,,,,,,,,,,,,,,,,,,,,,,,,
April 9,2:45 PM,29,Control,,,,,,,,,,,,,,,,,,,,,,,,,,
April 9,3:00 PM,4,Control,,,,,,,,,,,,,,,,,,,,,,,,,,
April 9,8:00 AM,17,Control,,,,,,,,,,,,,,,,,,,,,,,,,,
April 9,8:15 AM,33,Control,,,,,,,,,,,,,,,,,,,,,,,,,,
April 9,8:30 AM,22,Control,,,,,,,,,,,,,,,,,,,,,,,,,,
April 9,8:45 AM,22,Control,,,,,,,,,,,,,,,,,,,,,,,,,,
April 9,9:00 AM,21,Control,,,,,,,,,,,,,,,,,,,,,,,,,,
April 9,9:15 AM,21,Control,,,,,,,,,,,,,,,,,,,,,,,,,,
April 9,9:30 AM,22,Control,,,,,,,,,,,,,,,,,,,,,,,,,,
April 9,9:45 AM,33,Control,,,,,,,,,,,,,,,,,,,,,,,,,,
April 10,10:00 AM,41,Control,,,,,,,,,,,,,,,,,,,,,,,,,,
April 10,10:15 AM,22,Control,,,,,,,,,,,,,,,,,,,,,,,,,,
April 10,10:30 AM,9,Control,,,,,,,,,,,,,,,,,,,,,,,,,,
April 10,10:45 AM,17,Control,,,,,,,,,,,,,,,,,,,,,,,,,,
April 10,11:00 AM,104,Control,,,,,,,,,,,,,,,,,,,,,,,,,,
April 10,11:15 AM,100,Control,,,,,,,,,,,,,,,,,,,,,,,,,,
April 10,11:30 AM,172,Control,,,,,,,,,,,,,,,,,,,,,,,,,,
April 10,11:45 AM,130,Control,,,,,,,,,,,,,,,,,,,,,,,,,,
April 10,12:00 PM,123,Control,,,,,,,,,,,,,,,,,,,,,,,,,,
April 10,12:15 PM,99,Control,,,,,,,,,,,,,,,,,,,,,,,,,,
April 10,12:30 PM,68,Control,,,,,,,,,,,,,,,,,,,,,,,,,,
April 10,12:45 PM,84,Control,,,,,,,,,,,,,,,,,,,,,,,,,,
April 10,1:00 PM,194,Control,,,,,,,,,,,,,,,,,,,,,,,,,,
April 10,1:15 PM,112,Control,,,,,,,,,,,,,,,,,,,,,,,,,,
April 10,1:30 PM,57,Control,,,,,,,,,,,,,,,,,,,,,,,,,,
April 10,1:45 PM,30,Control,,,,,,,,,,,,,,,,,,,,,,,,,,
April 10,2:00 PM,30,Control,,,,,,,,,,,,,,,,,,,,,,,,,,
April 10,2:15 PM,81,Control,,,,,,,,,,,,,,,,,,,,,,,,,,
April 10,2:30 PM,41,Control,,,,,,,,,,,,,,,,,,,,,,,,,,
April 10,2:45 PM,56,Control,,,,,,,,,,,,,,,,,,,,,,,,,,
April 10,3:00 PM,11,Control,,,,,,,,,,,,,,,,,,,,,,,,,,
April 10,3:15 PM,1,Control,,,,,,,,,,,,,,,,,,,,,,,,,,
April 10,8:00 AM,13,Control,,,,,,,,,,,,,,,,,,,,,,,,,,
April 10,8:15 AM,31,Control,,,,,,,,,,,,,,,,,,,,,,,,,,
April 10,8:30 AM,24,Control,,,,,,,,,,,,,,,,,,,,,,,,,,
April 10,8:45 AM,36,Control,,,,,,,,,,,,,,,,,,,,,,,,,,
April 10,9:00 AM,31,Control,,,,,,,,,,,,,,,,,,,,,,,,,,
April 10,9:15 AM,35,Control,,,,,,,,,,,,,,,,,,,,,,,,,,
April 10,9:30 AM,30,Control,,,,,,,,,,,,,,,,,,,,,,,,,,
April 10,9:45 AM,43,Control,,,,,,,,,,,,,,,,,,,,,,,,,,
April 11,10:00 AM,41,Control,,,,,,,,,,,,,,,,,,,,,,,,,,
April 11,10:15 AM,28,Control,,,,,,,,,,,,,,,,,,,,,,,,,,
April 11,10:30 AM,8,Control,,,,,,,,,,,,,,,,,,,,,,,,,,
April 11,10:45 AM,12,Control,,,,,,,,,,,,,,,,,,,,,,,,,,
April 11,11:00 AM,96,Control,,,,,,,,,,,,,,,,,,,,,,,,,,
April 11,11:15 AM,63,Control,,,,,,,,,,,,,,,,,,,,,,,,,,
April 11,11:30 AM,60,Control,,,,,,,,,,,,,,,,,,,,,,,,,,
April 11,11:45 AM,56,Control,,,,,,,,,,,,,,,,,,,,,,,,,,
April 11,12:00 PM,97,Control,,,,,,,,,,,,,,,,,,,,,,,,,,
April 11,12:15 PM,104,Control,,,,,,,,,,,,,,,,,,,,,,,,,,
April 11,12:30 PM,94,Control,,,,,,,,,,,,,,,,,,,,,,,,,,
April 11,12:45 PM,57,Control,,,,,,,,,,,,,,,,,,,,,,,,,,
April 11,1:00 PM,77,Control,,,,,,,,,,,,,,,,,,,,,,,,,,
April 11,1:15 PM,86,Control,,,,,,,,,,,,,,,,,,,,,,,,,,
April 11,1:30 PM,42,Control,,,,,,,,,,,,,,,,,,,,,,,,,,
April 11,1:45 PM,41,Control,,,,,,,,,,,,,,,,,,,,,,,,,,
April 11,2:00 PM,5,Control,,,,,,,,,,,,,,,,,,,,,,,,,,
April 11,7:30 AM,1,Control,,,,,,,,,,,,,,,,,,,,,,,,,,
April 11,8:00 AM,8,Control,,,,,,,,,,,,,,,,,,,,,,,,,,
April 11,8:15 AM,7,Control,,,,,,,,,,,,,,,,,,,,,,,,,,
April 11,8:30 AM,9,Control,,,,,,,,,,,,,,,,,,,,,,,,,,
April 11,8:45 AM,21,Control,,,,,,,,,,,,,,,,,,,,,,,,,,
April 11,9:00 AM,15,Control,,,,,,,,,,,,,,,,,,,,,,,,,,
April 11,9:15 AM,21,Control,,,,,,,,,,,,,,,,,,,,,,,,,,
April 11,9:30 AM,16,Control,,,,,,,,,,,,,,,,,,,,,,,,,,
April 11,9:45 AM,17,Control,,,,,,,,,,,,,,,,,,,,,,,,,,
April 14,10:00 AM,41,Control,,,,,,,,,,,,,,,,,,,,,,,,,,
April 14,10:15 AM,23,Control,,,,,,,,,,,,,,,,,,,,,,,,,,
April 14,10:30 AM,4,Control,,,,,,,,,,,,,,,,,,,,,,,,,,
April 14,10:45 AM,15,Control,,,,,,,,,,,,,,,,,,,,,,,,,,
April 14,11:00 AM,108,Control,,,,,,,,,,,,,,,,,,,,,,,,,,
April 14,11:15 AM,98,Control,,,,,,,,,,,,,,,,,,,,,,,,,,
April 14,11:30 AM,100,Control,,,,,,,,,,,,,,,,,,,,,,,,,,
April 14,11:45 AM,78,Control,,,,,,,,,,,,,,,,,,,,,,,,,,
April 14,12:00 PM,94,Control,,,,,,,,,,,,,,,,,,,,,,,,,,
April 14,12:15 PM,147,Control,,,,,,,,,,,,,,,,,,,,,,,,,,
April 14,12:30 PM,73,Control,,,,,,,,,,,,,,,,,,,,,,,,,,
April 14,12:45 PM,83,Control,,,,,,,,,,,,,,,,,,,,,,,,,,
April 14,1:00 PM,165,Control,,,,,,,,,,,,,,,,,,,,,,,,,,
April 14,1:15 PM,132,Control,,,,,,,,,,,,,,,,,,,,,,,,,,
April 14,1:30 PM,59,Control,,,,,,,,,,,,,,,,,,,,,,,,,,
April 14,1:45 PM,47,Control,,,,,,,,,,,,,,,,,,,,,,,,,,
April 14,2:00 PM,42,Control,,,,,,,,,,,,,,,,,,,,,,,,,,
April 14,2:15 PM,53,Control,,,,,,,,,,,,,,,,,,,,,,,,,,
April 14,2:30 PM,39,Control,,,,,,,,,,,,,,,,,,,,,,,,,,
April 14,2:45 PM,51,Control,,,,,,,,,,,,,,,,,,,,,,,,,,
April 14,3:00 PM,3,Control,,,,,,,,,,,,,,,,,,,,,,,,,,
April 14,8:00 AM,8,Control,,,,,,,,,,,,,,,,,,,,,,,,,,
April 14,8:15 AM,12,Control,,,,,,,,,,,,,,,,,,,,,,,,,,
April 14,8:30 AM,16,Control,,,,,,,,,,,,,,,,,,,,,,,,,,
April 14,8:45 AM,25,Control,,,,,,,,,,,,,,,,,,,,,,,,,,
April 14,9:00 AM,37,Control,,,,,,,,,,,,,,,,,,,,,,,,,,
April 14,9:15 AM,33,Control,,,,,,,,,,,,,,,,,,,,,,,,,,
April 14,9:30 AM,11,Control,,,,,,,,,,,,,,,,,,,,,,,,,,
April 14,9:45 AM,29,Control,,,,,,,,,,,,,,,,,,,,,,,,,,
April 15,10:00 AM,52,Control,,,,,,,,,,,,,,,,,,,,,,,,,,
April 15,10:15 AM,32,Control,,,,,,,,,,,,,,,,,,,,,,,,,,
April 15,10:30 AM,10,Control,,,,,,,,,,,,,,,,,,,,,,,,,,
April 15,10:45 AM,18,Control,,,,,,,,,,,,,,,,,,,,,,,,,,
April 15,11:00 AM,75,Control,,,,,,,,,,,,,,,,,,,,,,,,,,
April 15,11:15 AM,98,Control,,,,,,,,,,,,,,,,,,,,,,,,,,
April 15,11:30 AM,176,Control,,,,,,,,,,,,,,,,,,,,,,,,,,
April 15,11:45 AM,91,Control,,,,,,,,,,,,,,,,,,,,,,,,,,
April 15,12:00 PM,104,Control,,,,,,,,,,,,,,,,,,,,,,,,,,
April 15,12:15 PM,120,Control,,,,,,,,,,,,,,,,,,,,,,,,,,
April 15,12:30 PM,101,Control,,,,,,,,,,,,,,,,,,,,,,,,,,
April 15,12:45 PM,112,Control,,,,,,,,,,,,,,,,,,,,,,,,,,
April 15,1:00 PM,188,Control,,,,,,,,,,,,,,,,,,,,,,,,,,
April 15,1:15 PM,141,Control,,,,,,,,,,,,,,,,,,,,,,,,,,
April 15,1:30 PM,79,Control,,,,,,,,,,,,,,,,,,,,,,,,,,
April 15,1:45 PM,43,Control,,,,,,,,,,,,,,,,,,,,,,,,,,
April 15,2:00 PM,44,Control,,,,,,,,,,,,,,,,,,,,,,,,,,
April 15,2:15 PM,66,Control,,,,,,,,,,,,,,,,,,,,,,,,,,
April 15,2:30 PM,46,Control,,,,,,,,,,,,,,,,,,,,,,,,,,
April 15,2:45 PM,61,Control,,,,,,,,,,,,,,,,,,,,,,,,,,
April 15,3:00 PM,4,Control,,,,,,,,,,,,,,,,,,,,,,,,,,
April 15,7:45 AM,2,Control,,,,,,,,,,,,,,,,,,,,,,,,,,
April 15,8:00 AM,16,Control,,,,,,,,,,,,,,,,,,,,,,,,,,
April 15,8:15 AM,23,Control,,,,,,,,,,,,,,,,,,,,,,,,,,
April 15,8:30 AM,24,Control,,,,,,,,,,,,,,,,,,,,,,,,,,
April 15,8:45 AM,24,Control,,,,,,,,,,,,,,,,,,,,,,,,,,
April 15,9:00 AM,28,Control,,,,,,,,,,,,,,,,,,,,,,,,,,
April 15,9:15 AM,16,Control,,,,,,,,,,,,,,,,,,,,,,,,,,
April 15,9:30 AM,13,Control,,,,,,,,,,,,,,,,,,,,,,,,,,
April 15,9:45 AM,34,Control,,,,,,,,,,,,,,,,,,,,,,,,,,
April 16,10:00 AM,37,Control,,,,,,,,,,,,,,,,,,,,,,,,,,
April 16,10:15 AM,31,Control,,,,,,,,,,,,,,,,,,,,,,,,,,
April 16,10:30 AM,4,Control,,,,,,,,,,,,,,,,,,,,,,,,,,
April 16,10:45 AM,8,Control,,,,,,,,,,,,,,,,,,,,,,,,,,
April 16,11:00 AM,99,Control,,,,,,,,,,,,,,,,,,,,,,,,,,
April 16,11:15 AM,122,Control,,,,,,,,,,,,,,,,,,,,,,,,,,
April 16,11:30 AM,132,Control,,,,,,,,,,,,,,,,,,,,,,,,,,
April 16,11:45 AM,73,Control,,,,,,,,,,,,,,,,,,,,,,,,,,
April 16,12:00 PM,106,Control,,,,,,,,,,,,,,,,,,,,,,,,,,
April 16,12:15 PM,151,Control,,,,,,,,,,,,,,,,,,,,,,,,,,
April 16,12:30 PM,69,Control,,,,,,,,,,,,,,,,,,,,,,,,,,
April 16,12:45 PM,82,Control,,,,,,,,,,,,,,,,,,,,,,,,,,
April 16,1:00 PM,147,Control,,,,,,,,,,,,,,,,,,,,,,,,,,
April 16,1:15 PM,105,Control,,,,,,,,,,,,,,,,,,,,,,,,,,
April 16,1:30 PM,66,Control,,,,,,,,,,,,,,,,,,,,,,,,,,
April 16,1:45 PM,36,Control,,,,,,,,,,,,,,,,,,,,,,,,,,
April 16,2:00 PM,41,Control,,,,,,,,,,,,,,,,,,,,,,,,,,
April 16,2:15 PM,44,Control,,,,,,,,,,,,,,,,,,,,,,,,,,
April 16,2:30 PM,40,Control,,,,,,,,,,,,,,,,,,,,,,,,,,
April 16,2:45 PM,41,Control,,,,,,,,,,,,,,,,,,,,,,,,,,
April 16,3:00 PM,5,Control,,,,,,,,,,,,,,,,,,,,,,,,,,
April 16,8:00 AM,21,Control,,,,,,,,,,,,,,,,,,,,,,,,,,
April 16,8:15 AM,24,Control,,,,,,,,,,,,,,,,,,,,,,,,,,
April 16,8:30 AM,21,Control,,,,,,,,,,,,,,,,,,,,,,,,,,
April 16,8:45 AM,39,Control,,,,,,,,,,,,,,,,,,,,,,,,,,
April 16,9:00 AM,29,Control,,,,,,,,,,,,,,,,,,,,,,,,,,
April 16,9:15 AM,25,Control,,,,,,,,,,,,,,,,,,,,,,,,,,
April 16,9:30 AM,21,Control,,,,,,,,,,,,,,,,,,,,,,,,,,
April 16,9:45 AM,18,Control,,,,,,,,,,,,,,,,,,,,,,,,,,
April 17,10:00 AM,48,Control,,,,,,,,,,,,,,,,,,,,,,,,,,
April 17,10:15 AM,12,Control,,,,,,,,,,,,,,,,,,,,,,,,,,
April 17,10:30 AM,7,Control,,,,,,,,,,,,,,,,,,,,,,,,,,
April 17,10:45 AM,14,Control,,,,,,,,,,,,,,,,,,,,,,,,,,
April 17,11:00 AM,78,Control,,,,,,,,,,,,,,,,,,,,,,,,,,
April 17,11:15 AM,55,Control,,,,,,,,,,,,,,,,,,,,,,,,,,
April 17,11:30 AM,164,Control,,,,,,,,,,,,,,,,,,,,,,,,,,
April 17,11:45 AM,107,Control,,,,,,,,,,,,,,,,,,,,,,,,,,
April 17,12:00 PM,111,Control,,,,,,,,,,,,,,,,,,,,,,,,,,
April 17,12:15 PM,89,Control,,,,,,,,,,,,,,,,,,,,,,,,,,
April 17,12:30 PM,88,Control,,,,,,,,,,,,,,,,,,,,,,,,,,
April 17,12:45 PM,96,Control,,,,,,,,,,,,,,,,,,,,,,,,,,
April 17,1:00 PM,219,Control,,,,,,,,,,,,,,,,,,,,,,,,,,
April 17,1:15 PM,129,Control,,,,,,,,,,,,,,,,,,,,,,,,,,
April 17,1:30 PM,46,Control,,,,,,,,,,,,,,,,,,,,,,,,,,
April 17,1:45 PM,46,Control,,,,,,,,,,,,,,,,,,,,,,,,,,
April 17,2:00 PM,52,Control,,,,,,,,,,,,,,,,,,,,,,,,,,
April 17,2:15 PM,84,Control,,,,,,,,,,,,,,,,,,,,,,,,,,
April 17,2:30 PM,49,Control,,,,,,,,,,,,,,,,,,,,,,,,,,
April 17,2:45 PM,59,Control,,,,,,,,,,,,,,,,,,,,,,,,,,
April 17,3:00 PM,15,Control,,,,,,,,,,,,,,,,,,,,,,,,,,
April 17,7:30 AM,2,Control,,,,,,,,,,,,,,,,,,,,,,,,,,
April 17,8:00 AM,10,Control,,,,,,,,,,,,,,,,,,,,,,,,,,
April 17,8:15 AM,23,Control,,,,,,,,,,,,,,,,,,,,,,,,,,
April 17,8:30 AM,32,Control,,,,,,,,,,,,,,,,,,,,,,,,,,
April 17,8:45 AM,35,Control,,,,,,,,,,,,,,,,,,,,,,,,,,
April 17,9:00 AM,35,Control,,,,,,,,,,,,,,,,,,,,,,,,,,
April 17,9:15 AM,22,Control,,,,,,,,,,,,,,,,,,,,,,,,,,
April 17,9:30 AM,20,Control,,,,,,,,,,,,,,,,,,,,,,,,,,
April 17,9:45 AM,26,Control,,,,,,,,,,,,,,,,,,,,,,,,,,
April 18,10:00 AM,28,Control,,,,,,,,,,,,,,,,,,,,,,,,,,
April 18,10:15 AM,28,Control,,,,,,,,,,,,,,,,,,,,,,,,,,
April 18,10:30 AM,10,Control,,,,,,,,,,,,,,,,,,,,,,,,,,
April 18,10:45 AM,7,Control,,,,,,,,,,,,,,,,,,,,,,,,,,
April 18,11:00 AM,94,Control,,,,,,,,,,,,,,,,,,,,,,,,,,
April 18,11:15 AM,53,Control,,,,,,,,,,,,,,,,,,,,,,,,,,
April 18,11:30 AM,47,Control,,,,,,,,,,,,,,,,,,,,,,,,,,
April 18,11:45 AM,54,Control,,,,,,,,,,,,,,,,,,,,,,,,,,
April 18,12:00 PM,118,Control,,,,,,,,,,,,,,,,,,,,,,,,,,
April 18,12:15 PM,142,Control,,,,,,,,,,,,,,,,,,,,,,,,,,
April 18,12:30 PM,88,Control,,,,,,,,,,,,,,,,,,,,,,,,,,
April 18,12:45 PM,61,Control,,,,,,,,,,,,,,,,,,,,,,,,,,
April 18,1:00 PM,49,Control,,,,,,,,,,,,,,,,,,,,,,,,,,
April 18,1:15 PM,87,Control,,,,,,,,,,,,,,,,,,,,,,,,,,
April 18,1:30 PM,50,Control,,,,,,,,,,,,,,,,,,,,,,,,,,
April 18,1:45 PM,21,Control,,,,,,,,,,,,,,,,,,,,,,,,,,
April 18,2:00 PM,10,Control,,,,,,,,,,,,,,,,,,,,,,,,,,
April 18,8:00 AM,2,Control,,,,,,,,,,,,,,,,,,,,,,,,,,
April 18,8:15 AM,10,Control,,,,,,,,,,,,,,,,,,,,,,,,,,
April 18,8:30 AM,13,Control,,,,,,,,,,,,,,,,,,,,,,,,,,
April 18,8:45 AM,23,Control,,,,,,,,,,,,,,,,,,,,,,,,,,
April 18,9:00 AM,24,Control,,,,,,,,,,,,,,,,,,,,,,,,,,
April 18,9:15 AM,12,Control,,,,,,,,,,,,,,,,,,,,,,,,,,
April 18,9:30 AM,19,Control,,,,,,,,,,,,,,,,,,,,,,,,,,
April 18,9:45 AM,26,Control,,,,,,,,,,,,,,,,,,,,,,,,,,